1645241,Lagniappe Homecare Alexandria,"3130 Jackson Street , ",LA,Alexandria,71301,Alexandria,318-442-6435,a@a.com,Not Using
1644996,Bunkie HomeCare,1123 Shirley Road ,LA,Bunkie,71322,Alexandria,3183463312,a@a.com,Not Using
1625250,United Home Care-Alice,2041 E Main St. Suite 400,TX,Alice,78332,Alice Micropolitan Statistical Area,(361) 664-8908,a@a.com,Not Using
1644033,"First Home Healthcare, LLC","308 E. 2nd St. Ste D , ",Texas ,Alice,78332,Alice Micropolitan Statistical Area,361-355-8661,a@a.com,Not Using
1642459,A DOSE OF CARE HOME HEALTH,1481 S. FLOURNOY RD STE. 125 ,TX,Alice,78332,Alice Micropolitan Statistical Area,361-396-4208,homehealthdoseofcare@yahoo.com,Not Using
1620157,High plains senior care-Amarillo,1800 S. Washington Ste 115,TX,Amarillo,79102,Amarillo,806 355 1899,suzieweaver@hpscgroup.com,Freemium
1620033,Home Care Connections of Amarillo,3131 Bell Street Suite 211,TX ,Amarillo,79106,Amarillo,877 456 1202,a@a.com,Freemium
1620031,Accolade Home Care-Amarillo,1934 Medi Park Drive,TX,Amarillo,79106,Amarillo,806 352 3900,.,Freemium
1621193,Enhabit OF CENTRAL OKLAHOMA - ARDMORE,2007 North Commerce Street Suite 250,OK,Ardmore,73401,Ardmore Micropolitan Statistical Area,580 223 5512,,Freemium
1618588,Mays Housecall Home Health Ardmore,1234 merrick dr,OK,Ardmore,73401,Ardmore Micropolitan Statistical Area,580-2268328,a@a.com,Freemium
1630445,"INTREPID USA HEALTHCARE SERVICES LBN NC HHA, INC-ELYRIA",1825 EAST 51ST ,OH,Ashtabula,44004,Ashtabula,4409924608,a@a.com,Not Using
1621537,ADVANCED HOME HEALTH SERVICES-BASTROP ,105 N Hasler Blvd Ste B,TX ,Bastrop ,78155,Austin-Round Rock,512 308 9233,a@a.com,Not Using
1618746,B18 - Enhabit OF CENTRAL TEXAS,815 HIGHWAY 71 WEST,TX,-,78602,Austin-Round Rock,512 321 3382,,Not Using
1621395,Progressive Home Health-Buda,691 E OVERLOOK MOUNTAIN RD,TX,Buda,78610,Austin-Round Rock,512 312 5222,a@a.com,Not Using
1621401,PAM Health at Home Buda,825  N Main Street Suite 140 ,TX,Buda,78610,Austin-Round Rock,512 295 7000,a@c.com,Order360 Lite
1620371,Abiding Home Health of Cedar Park,"715 Discovery Blvd,Ste 511 ",TX ,"Cedar Park,",78613,Austin-Round Rock,512 259 8444,a@a.com,Order360 Lite
1620079,Enhabit - FREDERICKSBURG,108 trailmoore suite1,TX,Fredericksburg,78624,Austin-Round Rock,830 990 2423,,Not Using
1620384,Methodist Hill Country Homecare at Home,"1020,S State Highway 16,",TX,-,78624,Austin-Round Rock,8309971336,a@a.com,Order360 Lite
1623408,GTN-Enhabit,285 SE Inner Loop #108 ,TX,Georgetown,78626,Austin-Round Rock,512-763-1393 ,,Not Using
1630678,At Home Healthcare Georgetown,3010 Williams Dr. #171,,,78628,Austin-Round Rock,512 212 1943,lgarcia@athomehealth.org,Not Using
1629192,"Texas Home Health Group Of Taylor, Llc DBA Accentcare",567 Chris Kelley Blvd Ste 201,Texas,Hutto ,78634,Austin-Round Rock,512-755-8005,EVADEGOLLDO@ACCENTCARE.COM,Not Using
1621404,"JOL Healthcare, INC","1300 Dacy Ln., Ste 150",TX,Kyle,78640,Austin-Round Rock,512 786 4198,lynanne.shaffer@jolhc.com,Not Using
1623302,TEXAS HOME HEALTH MARBLE FALLS,1100 Mission Hills Dr Ste 200,TX,Marble Falls,78654,Austin-Round Rock,8307988272,abc@abc.com,Not Using
1618753,PRE - Enhabit OF CENTRAL TEXAS ,1002 Marble Heights Dr. Suite B,TX,Marble Falls,78654,Austin-Round Rock,830 693 2657,,Not Using
1621589,Elara Caring - Round Rock,"1717 North IH-35, Suite 210,",TX,Round Rock,78664,Austin-Round Rock,512 246 1451,a@a.com,Not Using
1621420,"Apicon Home Health Agency,Inc.",1850 Round Rock Avenue ,TX,Round Rock,78681,Austin-Round Rock,512 249 0899,a@a.com,Order360 Full
1620543,Accolade Home Care–Round Rock,1611 Chisholm Trail Suite 450                 ,TX,Round Rock,78681,Austin-Round Rock,512 238 6000,a@a.com,Not Using
1644513,Embrace Home Health – Austin,"1524 South IH 35 STE 342,",TX ,Austin,78704,Austin-Round Rock,512-580-3709,a@a.com,Not Using
1624896,"Homecare Dimensions, Inc.-Austin","8107 SPRINGDALE RD SUITE 110 , ",TX ,Austin,78724,Austin-Round Rock,2106962626,abc@abc.com,Not Using
1620217,Kindred at Home-Austin,3307 Northland Dr,TX,Austin,78731,Austin-Round Rock,512 342 0331,a@a.com,Freemium
1621415,Texas Home Health Skilled Services LP-Austin,3520 Executive Center Drive Suite G100,TX,Austin,78731,Austin-Round Rock,512 343 9690,.,Freemium
1618731,AUS - Enhabit OF AUSTIN DBA AUSTIN HOME HEALTH,3410 Far West Blvd. Ste.265,TX,Austin,78731,Austin-Round Rock,512 339 1023,,Freemium
1623346,Brookdale Home Health-Austin,"3636 EXECUTIVE CENTER DR BLD 8, STE 216 , ",TX,Austin,78731,Austin-Round Rock,5123721595,cfuller1@brookdale.com,Freemium
1622205,Longhorn Health Solutions-Austin,"11310 West Highway 290 , ",TX,Austin,78737,Austin-Round Rock,877 394 1860,.,Not Using
1621469,Texas Acceptance Home Healthcare,"10711 Burnet Road, STE 304",TX,Austin,78758,Austin-Round Rock,512 219 0233,.,Freemium
1618761,A17 - Enhabit OF CENTRAL TEXAS ,8920 Business Park Drive Suite 200 ,TX,,78758,Austin-Round Rock,512 339 1023,,Not Using
1622373,Capitol Home Health-Austin,"9015 Mountain Ridge Drive Ste. 210 , ",TX,Austin,78759,Austin-Round Rock,512 467 6900,.,Freemium
1622211,"Halcyon Home, LLC","8133 Mesa Drive Ste. 200 , ",TX,Austin,78759,Austin-Round Rock,512 815 9009,.,Not Using
1624942,Nursing Services and Consultants of Laredo,114 Railroad Avenue,TX,Benavides,78341,Benavides Micropolitan Statistical Area,361-256-4400,a@a.com,Order360 Lite
1623055,"APC Home Health Services, Inc. Harligen",1659 Sam Houston St ,TX ,Harligen ,78550,Brownsville–Harlingen,956 428 8301,a@a.com,Not Using
1618749,BRN - Enhabit OF WEST TEXAS DBA  ,104 S. BROADWAY,TX,BROWNWOOD       ,76801,Brownwood Micropolitan Statistical Area,325 646 5565,,Not Using
1618486,Guardian  Healthwise Home Health Care Bryan,1411 Memorial Drive,TX,Bryan,77802,Bryan-College Station,979 774 7770,,Not Using
1627258,Texas Home Health - Brenham,"526 W. Main , ",,,77833,Bryan-College Station,(979) 830-0105,challett@accentcare.com,Not Using
1641546,Allumine Home Care,4030 Hwy 6 South Ste 350,TX,College Station,77845,Bryan-College Station,(979) 704-6684,sydney@alluminehealth.com,Not Using
1620324,Enhabit - CARLSBAD,220 S Canal St Ste A,NM,Carlsbad,88220,Carlsbad Micropolitan Statistical Area,575 887 6050,,Not Using
1648951,Home and Care,"145 S. Durbin St, Ste 105 ",WY ,Casper ,82601,Casper,307-333-4574,a@a.com,Not Using
1644416,Rocky Mountain Therapy Casper,2546 East 2nd street Building #500,WY,Casper,82609,Casper,307-577-5204,a@a.com,Not Using
1626244,Option Care-Vernon Hills,"544 Lakeview Pkwy Suite 200S, , ",IL ,Vernon Hills,60061,Chicago-Naperville-Elgin,312-940-2500,a@a.com,Not Using
1629836,"Independence Plus,Inc","800 Jorie Blvd., Suite 100 ",IL,Oak Brook,60523,Chicago-Naperville-Elgin,(708) 366-4500,a@a.com,Not Using
1629174,Legacy Healthcare Services-Chagrin Falls,200 Hamlet Hills Dr #116 ,,,44022,Cleveland,440-600-7688,lhs-676@legacyinc.com,Not Using
1620832,Enhanced Rehabilitation Services,8437 Mayfield Rd Suite 102,OH,Chesterland,44026,Cleveland-Elyria,440 352 7533,edswinarski@att.net,Not Using
1644882,Aegis Group Practice also known as Aegis Therapies Macedonia,"9633 Valley View Rd , ",OH ,Macedonia,44056,Cleveland-Elyria,479-201-6059,a@a.com,Not Using
1628387,Caretenders-Ashtabula County,2602 Hubbard Road ,OH,Madison ,44057,Cleveland-Elyria,4404280341,a@a.com,Not Using
1640082,Altimate Care - Shaker Heights,20515 Shaker Blvd,OH,Shaker Heights,44122,Cleveland-Elyria,440-565-7818,Joann.guzman@altimatecare.com,Not Using
1643796,Legacy Healthcare Services Inc Mayfield Heights,6200 Landerhaven Dr ,OH,Select,44124,Cleveland-Elyria,440 566 0163,a@a.com,Not Using
1628601,Platinum Home Health Services,5813 mayfield rd,Oh,Mayfield heights,44124,Cleveland-Elyria,440995-0202,olga.r@hhohio.org,Not Using
1621019,Crossroads Hospice-Ohio,"9775 Rockside Rd #270, ",OH ,Valley View,44125,Cleveland-Elyria,216 654 9300,.,Not Using
1620358,Brookdale Home Health-Westlake,20445 Emerald Parkway Suite 150,OH,Cleveland,44135,Cleveland-Elyria,440 250 1840,.,Not Using
1628415,"Essence Health Services, Inc.",23581 Harms Rd ,OH ,Euclid ,44143,Cleveland-Elyria,(216) 812-5221,info@essencehs.com,Not Using
1640474,Traditions Health/Harborlight Hospice - Cuyahoga Falls,"207 Portage Trail, Ext. West",OH,Cuyahoga Falls,44223,Cleveland-Elyria, 330-686-4983,Hannah.Linton@traditionshealth.com,Not Using
1628196,Caretenders-Akron,1225 East Waterloo Road ,,,44306,Cleveland-Elyria,3307247545,a@a.com,Not Using
1643611,Saenz Home Health Services Inc,518 E. Main Ave Suite C,TX,Robstown,78380,Corpus Christi,361-387-1650,JonathanSaenz@saenzhomehealthservices.com,Not Using
1646126,Saint Benedict's Home Health Robstown,400 E Main,,,78380,Corpus Christi,3619330253,a@a.com,Not Using
1645314,"Dor-An’s Home Health Service, Inc.","518 E Main Ave, Suite B,",TX,Robstown,78380,Corpus Christi,361-387-4575,a@a.com,Not Using
1623698,Cornerstone Home Health-Rockport,"110 Hwy 35 North, Suite B, ",TX,Rockport,78382,Corpus Christi,(361) 727-2131,abc@abc.com,Not Using
1624931,"SILOE HOMEHEALTH & INFUSION, L.L.C ",638 E Market St,TX,Rockport,78382,Corpus Christi,361-238-4999,abc@abc.com,Order360 Lite
1636238,PAM Health at Home Corpus Christi,"345 S Water St 1st Floor, ",TX ,Corpus Christi,78401,Corpus Christi,512 295 7000,a@a.com,Order360 Lite
1628297,"SAVE HOME HEALTH CARE, INC.",719 NORTH UPPER BROADWAY STE 100 ,TX,Corpus Christi,78401,Corpus Christi,361-855-9393,kevin@savehhc.com,Not Using
1618264,"Del Cielo Home Care Service, Corpus Christi.",422 S. Enterprize Pkwy                ,TX,Corpus Christi,78405,Corpus Christi,361 814 4500,a@a.com,Not Using
1622516,"Corpus Christi Home Care, Inc.-Corpus Christi",13330 LEOPARD ST SUITE 26 ,TX,Corpus Christi,78410,Corpus Christi,361 242 1109,.,Freemium
1644179,Corpus Christi Healthcare at Home,"3240 Fort Worth St Ste 113, , ",Texas,Corpus Christi ,78411,Corpus Christi,361-880-7912,a@a.com,Not Using
1628974,Aadi Home Health and Hospice,"3518 S Alameda St, ",TX ,Corpus Christi,78411,Corpus Christi,361-452-3384,ksalinas@aadihh.com,Not Using
1643800,"APC Home Health Services, Inc Corpus Christi","4444 Corona Dr. Ste 120, ",Tx ,Corpus Christi ,78411,Corpus Christi,361-814-3033,a@a.com,Not Using
1642851,Assist Home Health,"5262 S Staples STE 205, ",TX ,Corpus Christi,78411,Corpus Christi,361-462-4569,admin@assisthh.com,Not Using
1642780,"April Skyy Home Health Care, Inc.","5333 Everhart Rd, ",,,78411,Corpus Christi,361-334-3361,a@a.com,Not Using
1644166,Serenity Home Care Corpus Christi,4600 Ocean Dr. APT 405 ,Texas ,Corpus Christi,78412,Corpus Christi,361-241-2244,a@acom,Not Using
1644081,"Port HomeCare Services, Inc.",5525 S. Staples St. Ste A 7 ,TX ,"Corpus Christi,",78412,Corpus Christi,3618542273,a@a.com,Not Using
1646254,"Prime Care Home Health, Inc.","5926 South Staples, Suite D1 ",TX ,Corpus Christi,78413,Corpus Christi,(361) 334-9112,a@a.com,Not Using
1642456,"Santa Fe Health Care, Inc Corpus Christi",6262 Weber Rd Ste 302 ,TX,"Corpus Christi,",78413,Corpus Christi,361-853-3971,a@a.com,Not Using
1644004,"Legacy Home Health Agency, Inc.Corpus Christi",6000 South Staples St. Ste. 302  ,Tx,Corpus Christi,78413,Corpus Christi,361-855-0848,a@a.com,Not Using
1640729,A-Med Home Health - Corpus Christi,6262 Weber Rr,TX,Corpus Christi,78413,Corpus Christi,361-933-0101,thermann@amedhomehealth.com,Not Using
1620452,Enhabit - CORPUS CHRISTI,"5656 South Staples Road, Suite 302 ",TX ,Corpus Christi,78413,Corpus Christi,361 986 0272,,Not Using
1642812,CHRISTUS HomeCare Spohn,6200 Saratoga Boulevard Suite 104  ,TX ,Corpus Christi,78414,Corpus Christi,3619943400,a@a.com,Not Using
1643650,American Medical Home Health Services Corpus Christi ,2820 S Padre Island Dr Ste 296 ,Tx ,Corpus Christi ,78415,Corpus Christi,(361)887-9760,a@a.com,Not Using
1642660,"Angel Bright Home Health, Inc.","3221 Holly Road, ",TX,Corpus Christi,78415,Corpus Christi,361-986-1102,a@a.com,Not Using
1644437,"Orion Health Services, Inc.","5118 Moultrie Dr, ",TX ,Corpus Christi,78427,Corpus Christi,361-855-8189,a@a.com,Not Using
1628378,Platinum Healthcare Corp.,15305 Dallas Pkwy Ste 1200,TX,Addison,75001,Dallas-Fort Worth-Arlington,9723789700,Nehad.Qudah@homehealthPlatinum.com,Not Using
1618567,Cantex Home Health Lewisville,"16750 Westgrove Dr, Suite 300",TX,Addison,75001,Dallas-Fort Worth-Arlington,972 434 9400,,Not Using
1643554,Envital Healthcare Inc,"1609 Warm Springs Dr, ",TX,Allen,75002,Dallas-Fort Worth-Arlington,214-697-0023,envitalhealthcare@gmail.com,Not Using
1644328,Convergent Laboratories,"718 S Greenville Ave #100,",TX ,Allen,75002,Dallas-Fort Worth-Arlington, (214) 501-5171,info@convergentdx.com,Not Using
1624647,Meridian Health Services-Allen,307 S. Jupiter Rd. Ste 110,TX,Select,75002,Dallas-Fort Worth-Arlington,469-491-1777,abc@abc.com,Not Using
1645130,COMMUNITY FIRST PRIMARY CARE,2410 LUNA RD # 290 ,TX ,CARROLLTON ,75006,Dallas-Fort Worth-Arlington,4698447072,a@a.com,Not Using
1619392,Careplus Health Services Inc.,"1039 Interstate 35E, Suite 304 ",TX,Carrollton,75006,Dallas-Fort Worth-Arlington,214 234 1612,a@a.com,Not Using
1627332,APEX HOME CARE-CARROLLTON,"2840 Keller Springs Road, Suite 901",TX,Carrollton,75006,Dallas-Fort Worth-Arlington,,tiffanyapexhomecare@gmail.com,Not Using
1629080,All Star Home Health Services Inc,2410 N. Luna Rd. Ste 294,TX,Carrollton,75006,Dallas-Fort Worth-Arlington,972-798-8525,allstarhhsinc@gmail.com,Not Using
1643399,Legacy Healthcare services Carrollton,"3500 old denton road, , - ",TX ,Carrollton,75007,Dallas-Fort Worth-Arlington,469-208-1879,lhs-10086@legacyinc.com,Not Using
1619410,Committed Home Health Care,4217 Marsh Ridge Rd,TX,Carrollton,75010,Dallas-Fort Worth-Arlington,972 306 5060,frontdesk@committedcare.com,Not Using
1621830,Enhabit - ALLEN,780 N. Watters Road Suite 160 ,TX,Allen,75013,Dallas-Fort Worth-Arlington,214-383-9880,,Not Using
1618771,MCK  - Enhabit OF NORTHEAST TEXAS,"780 N. Watters Road, Suite 160 ,",TX,Allen,75013,Dallas-Fort Worth-Arlington,2143839880,,Not Using
1619697,Reliant Home Health,1101 Raintree circle Ste 180 ,TX,Allen,75013,Dallas-Fort Worth-Arlington,972 390 7733,,Not Using
1618301,Hope Land Home Health Care Inc,"650 N MacArthur Blvd, ",TX,Coppell,75019,Dallas-Fort Worth-Arlington,972 518 0100,hopelandhhc@verizon.net,Not Using
1643581,Select Rehab Flower Mound,"3281 Long Prairie Road, ",Tx ,Flower Mound,75022,Dallas-Fort Worth-Arlington,214-796-1493,a@a.com,Not Using
1642884,FIRST CALL HOME HEALTH AGENCY INC,"6937 Hickory Crk,",TX ,Plano,75023,Dallas-Fort Worth-Arlington,2147833191,firstcallhha@gmail.com,Not Using
1628695,"DISCOVERY AT HOME IN TEXAS, INC","6401 OHIO DRIVE SUITE 1107 SUITE 1107 , ",TX,Plano,75024,Dallas-Fort Worth-Arlington,469-808-9145,Mimartinez@Discoveryathome.com,Not Using
1642043,Anchor of Hope Hospice Plano ,"7708 San Jacinto Place, Unit 100, ",TX,Plano,75024,Dallas-Fort Worth-Arlington,469-351-4466,a@a.com,Not Using
1620251,The Legacy at Home,6101 Ohio Dr Ste 100 ,TX,Plano,75024,Dallas-Fort Worth-Arlington,972 244 7700,ksorenson@legacyathome.org,Not Using
1623490,"ARDENT HOSPICE, LLC",700 PARKER SQ SUITE 105 ,TX,Flower Mound,75028,Dallas-Fort Worth-Arlington,469-293-1515,abc@abc.com,Not Using
1625985,Baylor Scott & WHite Home Health,1241 CROSS TIMBERS RD ,TX ,FLOWER MOUND,75028,Dallas-Fort Worth-Arlington,972-691-3131,nbriscoe@bswrehab.com,Not Using
1620234,Health Quest Home Health,PO Box 2706,TX,Rowlett,75030,Dallas-Fort Worth-Arlington,972 412 1540,,Not Using
1619789,Sunrise Home Health Services-Rockwall,1221 Arista ,TX  ,Rockwall,75032,Dallas-Fort Worth-Arlington,972 278 1414,a@a.com,Freemium
1623518,Almighty Home Health,"9300 JOHN HICKMAN PKWY BUILDING 2, SUITE # 205B  ",TX,Frisco,75035,Dallas-Fort Worth-Arlington,2146181396,abc@abc.com,Order360 Lite
1636813,Nexus Home Health Care,466 Caveson Dr.,TX,Frisco,75036,Dallas-Fort Worth-Arlington,469-317-3017,Brian@nexushomehealthcare.com,Not Using
1639543,Rehab Without Walls-Irving,1333 Corporate Dr,TX,Irving,75038,Dallas-Fort Worth-Arlington,214-591-0061,Brenda.davis@rehabwithoutwalls.com,Not Using
1642967,ELARA CARING IRVING,"1333 Corporate Drive, Suite 350 A ",TX ,Irving,75038,Dallas-Fort Worth-Arlington,8173363257,a@a.com,Not Using
1621352,"Noblecare Home Health Services,Inc.",629 West Centerville Road Suite 208 ,TX,Garland,75041,Dallas-Fort Worth-Arlington,972 278 8700,.,Not Using
1619500,Merit Home Health Care Inc.,"1919 S. SHILOH ROAD, SUITE 525",TX,,75042,Dallas-Fort Worth-Arlington,214 575 4645,,Not Using
1624621,"M & D Healthcare Services, Inc","1919 S. SHILOH RD, SUITE 215 , ",TX,Garland,75042,Dallas-Fort Worth-Arlington,9726777897,abc@abc.com,Not Using
1618392,Homeland Home Health Agency Inc.,1919 S Shiloh Rd Ste.515,TX,Garland,75042,Dallas-Fort Worth-Arlington,972 278 7213,a@a.com,Order360 Lite
1645679,Klarus Home Care Dallas,2302 Guthrie Road Suite 240 ,TX ,Garland ,75043,Dallas-Fort Worth-Arlington,2144401004,a@a.com,Not Using
1628629,"JEFTONS HEALTH CARE SERVICES, INC.",4502 STIRLING DR,TX ,GARLAND,75043,Dallas-Fort Worth-Arlington,682-360-4396,a@a.com,Not Using
1626003,PINNACLE HOME HEALTH CARE SERVICES,2302 GUTHRIE ROAD SUITE 140 ,TX,Garland,75043,Dallas-Fort Worth-Arlington,(214) 503-7400,pinnaclehcs@gmail.com,Order360 Lite
1644453,"Sheena Health Care Services, Inc","337 Oaks Trail #101A , ",TX ,Garland,75043,Dallas-Fort Worth-Arlington,214-924-2110,a@a.com,Not Using
1619958,Shining Star Home Healthcare Inc.,713 Gatewood Rd. Suite B,,,75043,Dallas-Fort Worth-Arlington,469 366 9767,,Freemium
1618443,Ultimate Home Health Care,4402 Broadway Blvd Ste. 14,TX,Garland,75043,Dallas-Fort Worth-Arlington,972 240 4700,a@a.gmail.com,Order360 Lite
1620301,Envision Home Health Care,"310 E I-30 Suite 101 ,",TX,Garland,75043,Dallas-Fort Worth-Arlington,972 285 7286,,Not Using
1619911,"First Rapha Home Healthcare, Inc",4402 Broadway Blvd. Ste.15,TX,Garland,75043,Dallas-Fort Worth-Arlington,972 240 5300,a@a.com,Order360 Lite
1618839,ALIVE HOME HEALTHCARE,"350 Oaks Trail, Ste 140",TX,Garland,75043,Dallas-Fort Worth-Arlington,9722302332,nosimot12@yahoo.com,Not Using
1625106,Abounding Home Health Care-Garland,"310 East I-30, Suite B108",TX,Garland,75043,Dallas-Fort Worth-Arlington,(214) 327-3783,coordinator@aboundinghomehealth.com,Not Using
1619135,Breeze Home Healthcare,1506 BLUE JAY RD,TX,Garland,75043,Dallas-Fort Worth-Arlington,469 321 1603,bhhc.texas@gmail.com,Not Using
1648251,"Select Rehab, Inc.-The Preserve at Spring Creek Garland ",2055 Arapaho Rd. ,TX ,Garland ,75044,Dallas-Fort Worth-Arlington,603-263-5851,a@a.com,Not Using
1646121,Select Rehabilitation @ Ariel Pointe of Sachse,"3400 Miles Rd,",TX ,Sachse,75048,Dallas-Fort Worth-Arlington,214-542-6407,a@a.com,Not Using
1621367,Prestonwood Home Healthcare LLC,"134 East Church, ",TX,Grand Prairie,75050,Dallas-Fort Worth-Arlington,469 757 4217,a@a.com,Not Using
1620347,Makavic Home Health LLC,2307 OAK LANE STE 213,TX,Grand Prairie,75051,Dallas-Fort Worth-Arlington,9726393220,jkmaina@peoplepc.com,Not Using
1618373,"Maranatha Home Health, Grand Prairie",3200 South Carrier Pk Wy ,TX,Grand Prairie,75052,Dallas-Fort Worth-Arlington,972 992 0190,info@maranathahomehealth.org,Not Using
1619880,United Comfort HealthCare Incorporated,5312 Freestone Drive ,TX ,Grand Prairie,75052,Dallas-Fort Worth-Arlington,972 206 0448,,Not Using
1619842,V-Care Home Health,5200 Paige Rd Ste 400,TX , The Colony ,75056,Dallas-Fort Worth-Arlington,214 618 4784,,Order360 Full
1623539,AKM Home Healthcare,"5200 Paige Rd, Ste 501",TX,the colony,75056,Dallas-Fort Worth-Arlington,9727359394,abc@abc.com,Order360 Full
1619090,Aspen Healthcare Services Inc,314 West Main Street ,TX,Lewisville,75057,Dallas-Fort Worth-Arlington,972 316 2035,,Not Using
1619560,GLOW HEALTHCARE SOLUTIONS INCORPORATED,751 Hebron Parkway STe 120 ,TX,Lewisville,75057,Dallas-Fort Worth-Arlington,469 464 3582,,Not Using
1643206,COMPASSIONATE CARE LLC,"1425 West Poineer Dr, st#264,",TX,Irving,75061,Dallas-Fort Worth-Arlington,972-802-6127,a@a.com,Not Using
1618266,Carter Healthcare Irving,4425 W Airport Freeway,TX,Irving,75062,Dallas-Fort Worth-Arlington,972 255 3840,,Not Using
1623116,Frontview Provider Services Inc.,"2505 TEXAS DR SUITE # 113 A , ",TX ,Irving,75062,Dallas-Fort Worth-Arlington,972 424 1691,.,Not Using
1619595,Victory Five Healthcare Inc,"2505 Texas Dr, Suite 113B",TX,Irving,75062,Dallas-Fort Worth-Arlington,972 258 0527,,Not Using
1622492,"Amerita,Inc-Dallas","8080 Tristar Drive, Suite #120",TX,Irving,75063,Dallas-Fort Worth-Arlington,972-815-0460,a@a.com,Not Using
1622098,AccentCare McKinney,"6800 Weiskopf Avenue, Suite 110 , ",,,75070,Dallas-Fort Worth-Arlington,972 569 8157,a@a.com,Not Using
1619548,Senior Select Home Health,6800 Weiskopf Dr. # 100,TX,Mckinney,75070,Dallas-Fort Worth-Arlington,214 307 7059,a@a.com,Not Using
1635985,Legacy Healthcare Services McKinney,3300 S Stonebridge Dr ,Tx ,McKinney ,75070,Dallas-Fort Worth-Arlington,214-592-0655,lhs-373@legacyinc.com,Not Using
1643984,Monarch Hospice,321 N Central Expy #303,TX,McKinney ,75070,Dallas-Fort Worth-Arlington,903-364-4410,a@a.com,Not Using
1640047,DFW Home Health - McKinney,6951 Virginia Pkwy,TX,McKinney,75071,Dallas-Fort Worth-Arlington,817-417-5344,Toni.Hartley@lhcgroup.com,Not Using
1643671,Adaptive Home Health,"500 North Central Expressway Suite 400 , ",TX ,Plano,75074,Dallas-Fort Worth-Arlington,214-440-1394,a@a.com,Not Using
1623261,Paradigm HomeCare Dallas,"2000 N CENTRAL EXPY SUITE 209 , ",TX,Plano,75074,Dallas-Fort Worth-Arlington,9724220033,a@a.com,Order360 Lite
1618621,KOC Healthcare Services Inc,"3200,14th st Suite 504",TX,Plano,75074,Dallas-Fort Worth-Arlington,972 384 1039,,Not Using
1640730,SOLACE HOME HEALTHCARE AGENCY LLC,700 E PARK BLVD STE 200,TX,PLANO,75074,Dallas-Fort Worth-Arlington,469-579-4711,info@solacehha.com,Order360 Lite
1620318,Pristine Home Health Services Inc,"3913 Rockwood Drive , ",TX,Plano,75074,Dallas-Fort Worth-Arlington,972 881 5551,,Not Using
1640803,Reliant at Home - Plano,3033 W. President George Bush Hwy,TX,Plano,75075,Dallas-Fort Worth-Arlington,214-667-8040,lizzy@reliant.care,Not Using
1607825,"Veritas Home Health, LLC",2825 Regal Rd,TX,Plano,75075,Dallas-Fort Worth-Arlington,972 519 0308,,Not Using
1641169,The Healthcare Resort of Plano,3325 West Plano Parkway,TX,Plano,75075,Dallas-Fort Worth-Arlington,(940) 736-4876,akrahl@ensignservices.net,Not Using
1620771,"Paragon Infusion Care,Inc.- Dallas",3033 West President George Bush highway,TX,Plano,75075,Dallas-Fort Worth-Arlington,972-588-1040,.,Freemium
1619839,Charlin Home Health,400 Chisholm Place Suite 400,TX,Plano,75075,Dallas-Fort Worth-Arlington,972 424 3200,,Not Using
1625974,GILEAD COMMUNITY HOME HEALTH INC,1701 N Collins Blvd Suite 3000C,TX,Richardson,75080,Dallas-Fort Worth-Arlington,817-801-7100,pshrestha@onepoinths.net,Not Using
1619816,"Excel Plus Home Health,Inc",1701 N Collins Blvd Suite 3000A,TX,Dallas,75080,Dallas-Fort Worth-Arlington,469 547 5311,.,Not Using
1619930,"A and S Home Health Care Inc.,",1701 N Collins Blvd Suite 3000D,TX,Richardson,75080,Dallas-Fort Worth-Arlington,972 386 7744,a@a.com,Freemium
1619935,Advanced Senior Care Home Health,1701 N Collins Blvd Suite 3000E,TX,Dallas,75080,Dallas-Fort Worth-Arlington,469 587 7940,a@a.com,Not Using
1621555,Alphastar Home Health Care,1701 N Collins Blvd Suite 3000A ,TX,Richardson,75080,Dallas-Fort Worth-Arlington,214 349 5973,a@a.com,Not Using
1622864,"Nulif Home Healthcare Services, Inc-Carrollton",100 N Central Expressway #190 Room 103,TX,Richardson,75080,Dallas-Fort Worth-Arlington,972 492 3091,.,Not Using
1618308,"LUCENT HOME HEALTH LLC, RICHARDSON",1485 RICHARDSON DR,TX,RICHARDSON,75080,Dallas-Fort Worth-Arlington,972 664 0945,,Not Using
1623369,Keystone Healthcare Inc,"777 S CENTRAL EXPY STE I - H , ",TX,Richardson,75080,Dallas-Fort Worth-Arlington,9722629507,abc@abc.com,Not Using
1642497,Three Oaks Hospice Dallas,331 Melrose Drive Suite 230 ,Texas ,Richardson,75080,Dallas-Fort Worth-Arlington,214-628-9090,a@a.com,Not Using
1619481,Vital Home Healthcare Inc,330 MUNICIPAL DRIVE SUITE 104B,TX,RICHARDSON,75080,Dallas-Fort Worth-Arlington,972 840 1010,a@a.com,Order360 Lite
1618816,Total Patient Care Home Health Allen,1701 N Collins Blvd Suite 3000B,TX,Richardson,75080,Dallas-Fort Worth-Arlington,214 547 7496,gcolon@totalpatientcare.net,Not Using
1619354,Timely Care Home Health ,1350 E Arapaho Rd Suite 208,TX,Richardson,75081,Dallas-Fort Worth-Arlington,972 699 7200,,Not Using
1646137,"Performance Home Health, LLC","800 E. Campbell Road, Suite 123  ",TX ,Richardson,75081,Dallas-Fort Worth-Arlington,214-794-7942,a@a.com,Not Using
1621898,SALUS HOME HEALTH,"1221 Abrams Rd, Ste 345",TX,Richardson,75081,Dallas-Fort Worth-Arlington,972 238 7108,a@a.com,Not Using
1619962,Medsource Health Care System LLC,1350 E ARAPAHO ROAD,TX,Richardson,75081,Dallas-Fort Worth-Arlington,972 572 9783,,Not Using
1621321,Amcare Pro Home Health,"1202, E Arapaho Rd Ste 147 ",TX,Richardson,75081,Dallas-Fort Worth-Arlington,214 987 2100,.,Not Using
1619523,Brema Healthcare Inc,401 S SHERMAN ST,TX,Richardson,75081,Dallas-Fort Worth-Arlington,214 339 9466,bremahealthcare@yahoo.com,Order360 Lite
1618432,CENTURY HOME HEALTH CARE,1601 Rainbow Drive,TX,Richardson,75081,Dallas-Fort Worth-Arlington,972 235 6700,chioma1212@yahoo.com,Order360 Lite
1646577,"DYNAMIX ADULT DAY CARE SERVICES, LLC. DBA ACUTE",101 W RENNER RD STE 280 ,TX ,RICHARDSON,75082,Dallas-Fort Worth-Arlington,888-462-4003,a@a.com,Not Using
1645151,Beacon Harbor Healthcare and Rehabilitation,"6700 Heritage Pkwy,",TX ,Rockwall,75087,Dallas-Fort Worth-Arlington,(972) 412-4000,a@a.com,Not Using
1641506,Legacy Healthcare Rockwall,"963 West Yellow Jacket Lane #323 , ",TX ,Rockwall,75087,Dallas-Fort Worth-Arlington,972-722-7925,lhs-853@legacyinc.com,Not Using
1619932,Imanuel Health Services, 10717 Spyglass Hill ,TX,,75089,Dallas-Fort Worth-Arlington,214 663 3175,,Not Using
1623119,Traditions Home Healthcare,5045 LORIMAR DR STE 230,TX,Plano,75093,Dallas-Fort Worth-Arlington,972 378 7902,.,Not Using
1619468,NYS Home Health LLC,"5068 W. Plano Parkway, Suite 113",TX ,Plano,75093,Dallas-Fort Worth-Arlington,972 934 7060,,Not Using
1620298,"Grace Home Health,Inc.",5045 Lorimar Dr #260 ,Tx ,Plano ,75093,Dallas-Fort Worth-Arlington,469 326 1700,,Not Using
1618653,At Home Healthcare Canton,2201 N. Trade Days Blvd,TX,Canton,75103,Dallas-Fort Worth-Arlington,903 567 2454,,Not Using
1618488,Guardian Healthwise  Corsicana– An Amedisys company  ,301 Hospital Dr. Ste 195,TX,Corsicana,75110,Dallas-Fort Worth-Arlington,903 874 4777,a@a.com,Freemium
1621882,Kindred At Home-Corsicana,639 N 13TH STREET,TX,Corsicana,75110,Dallas-Fort Worth-Arlington,903 874 9147,a@a.com,Freemium
1618543,Home Care Network(HCN),1700 N Hampton Rd Ste A,TX,Desoto,75115,Dallas-Fort Worth-Arlington,972-437-8974,,Not Using
1619299,"New Vision Home Health Services,Inc",1701 N hampton Rd. Ste C,TX,Desoto,75115,Dallas-Fort Worth-Arlington,972 227 3000,,Not Using
1645740,LS Healthcare Services LLC,632 Magnolia Trail,Texas,Desoto,75115,Dallas-Fort Worth-Arlington,214-970-2881,info@lshealthcareservices.com,Not Using
1628719,AccentCare-Desoto,911 York Dr Ste 203 ,TX,DeSoto,75115,Dallas-Fort Worth-Arlington,2143077300,staceywilson@txhha.com,Not Using
1619257,DUN - Enhabit DUNCANVILLE,515 Cedar Ridge Rd. Suite 8,TX,Duncanville,75116,Dallas-Fort Worth-Arlington,214 920 2466,,Not Using
1644097,"Magnet Specialty Nurses, PLLC","407 N Cedar Ridge, Ste. 342 ",TX,Duncanville,75116,Dallas-Fort Worth-Arlington,469 850 0093 ,a@a.com,Not Using
1621817,Family First Hospice Inc - Ennis,109 SW MAIN ST,TX,Ennis,75119,Dallas-Fort Worth-Arlington,972 878 2273,.,Not Using
1619879,Alpine Plus Home Health Care Services,16055 Prairie Meadow,TX,Richardson,75126,Dallas-Fort Worth-Arlington,214 440 1004,.,Not Using
1623072,Cedar Lake Home Health-Malakoff,104 S TERRY ST ,TX,Malakoff,75148,Dallas-Fort Worth-Arlington,903 489 2043,.,Not Using
1607791,"Ebenezer Home Health Care,  Mesquite",1515 E. Kearney St. Ste. 100,TX,Mesquite,75149,Dallas-Fort Worth-Arlington,972 289 9400,,Not Using
1619235,Anointed Home Health Care-Mesquite ,2414 E. US HWY 80 STE 120,TX,Mesquite,75149,Dallas-Fort Worth-Arlington,972 329 1777,a@a.com,Not Using
1619223,Angel Home Healthcare Services,208 W. Kearney St. Suite 101,TX,Mesquite,75149,Dallas-Fort Worth-Arlington,972 346 6502,.,Not Using
1619700,Agape Home Healthcare,18770 LBJ Freeway STE 100 ,TX,Mesquite,75150,Dallas-Fort Worth-Arlington,972 681 8420,a@a.com,Order360 Lite
1621049,Espree Health Services,3939 US HWY 80 E Ste 239 A ,Texas ,Mesquite,75150,Dallas-Fort Worth-Arlington,972 394 0205,espreehealthservices@gmail.com,Not Using
1607780,"Dependable Home Care,  Mesquite.",2111 N. Beltline Road Ste. 2,TX,Mesquite,75150,Dallas-Fort Worth-Arlington,214 221 7900,,Not Using
1618690,Crystal Care Home Health - Mesquite,1675 Republic Pkwy #200,TX,-,75150,Dallas-Fort Worth-Arlington,972-203-2121,crystalcarehha@gmail.com,Not Using
1619891,New Horizon Home Health,3939 E. US Highway Ste 306,TX,Dallas,75150,Dallas-Fort Worth-Arlington,214 221 8585,.,Order360 Lite
1619580,Senai Home Health,18601 LBJ FWY STE 230,TX,Mesquite,75150,Dallas-Fort Worth-Arlington,214 587 1000,senaihomecare@yahoo.com,Order360 Lite
1619040,"Peculiar Care Home Health Services, Inc.",3939 U.S Hwy 80 Suite 470A,TX,Mesquite,75150,Dallas-Fort Worth-Arlington,214 321 7200,,Freemium
1618459,Family Care of Texas Waxahachie,"1011 North Highway 77, Suite 107",TX,Waxahachie,75165,Dallas-Fort Worth-Arlington,9726268657,,Not Using
1619849,Clover Health LLC,"1004 Cavern Drive , ",TX,Mesquite,75181,Dallas-Fort Worth-Arlington,972 222 2903,,Order360 Lite
1620135,"Allied Home Health Care Services, Inc.",339 Redhill Rd,TX,Carrollton,75182,Dallas-Fort Worth-Arlington,972 620 2006,info@alliedhhc.org,Order360 Lite
1619823,Provista Healthcare,4849 Greenville Ave Ste 1124,TX,Dallas,75206,Dallas-Fort Worth-Arlington,214 965 0431,,Freemium
1646673,"TRC HOME HEALTH SERVICES, LLC",4849 GREENVILLE AVE 1124 ,TX ,DALLAS ,75206,Dallas-Fort Worth-Arlington,214-965-0431,a@a.com,Not Using
1623866,"Comfort Care Hospice, LLC d/b/a Silverstone Hospice",4100 Harry Hines Blvd Ste 375 ,TX,Dallas,75219,Dallas-Fort Worth-Arlington,2149547285,abc@abc.com,Not Using
1642253,"Libbys Health Care Management, Inc",11500 N Stemmons freeway # 180 ,TX,Dallas,75229,Dallas-Fort Worth-Arlington,469-372-1487,wellnesshhc2021@gmail.com,Not Using
1618774,DLS - Enhabit OF GREATER DALLAS,10300 N. Central Expressway suite 355,TX,Dallas,75231,Dallas-Fort Worth-Arlington,214 503 7700,,Freemium
1629962,Amatus Health Care,"2010 Valley View Lane, Ste 200",TX,Dallas,75234,Dallas-Fort Worth-Arlington,972-249-4999 ,a@a.com,Order360 Lite
1607774,"Jcare Home Health Agency LLC, Grand Prairie.  ",12100 Ford Rd suite 138,TX, Farmers Branch ,75234,Dallas-Fort Worth-Arlington,972 264 2737,jcarehomehealth@gmail.com,Not Using
1643629,Oracle Home Health,10945 ESTATE LN,TX,Dallas,75238,Dallas-Fort Worth-Arlington,214-334-2209,a@a.com,Not Using
1621055,The Home Health Team,8330 LBJ FRWY suite B-1055,TX,Dallas,75238,Dallas-Fort Worth-Arlington,214 613 0400,.,Freemium
1619928,Cuddle Me Home Care,Estate Lane Suite 190 ,TX,Dallas,75238,Dallas-Fort Worth-Arlington,972 226 1015,,Not Using
1619889,Cordial Care Home Health Services.Inc,10935 Estate Lane STE. 182,TX,Dallas,75238,Dallas-Fort Worth-Arlington,972 456 9901,cordialcare@yahoo.com,Order360 Lite
1618315,"Eminent Home Healthcare LLC, Dallas","10864 Audelia Rd, Suite 100 ",TX,Dallas,75238,Dallas-Fort Worth-Arlington,214 660 4404,,Freemium
1622192,DFW Home Health - Dallas,"13140 Coit Rd, Ste 450",TX,Dallas,75240,Dallas-Fort Worth-Arlington,214 891 8700,.,Freemium
1620236,"VCM HEALTHCARE, LLC","13601 Preston Rd, Ste W548",TX,Dallas,75240,Dallas-Fort Worth-Arlington,469-491-0638,vcmhealthcarellc@gmail.com,Not Using
1619460,Home Care Providers of Texas - Dallas,5339 Alpha Rd Suite 200 ,TX ,Dallas,75240,Dallas-Fort Worth-Arlington,972 735 0801,a@a.com,Freemium
1619552,"UNN Home Health Services,LLC",9550 SKILLMAN STREET SUITE 314,TX,Dallas,75243,Dallas-Fort Worth-Arlington,214 342 6100,,Freemium
1619632,"Divine Edge Health Services,LLC","8330 LBJ FREEWAY, SUITE 315",TX,Dallas,75243,Dallas-Fort Worth-Arlington,214 493 3118,health@divineedgeservices.com,Freemium
1622511,"Direct Home Health Services, Inc.-Mesquite",9319 LBJ Freeway,TX,DALLAS,75243,Dallas-Fort Worth-Arlington,4695563700,a@a.com,Freemium
1622602,Credence Home Health Services Inc-Richardson,"9319 LBJ Freeway,  Suite 203",TX,Dallas,75243,Dallas-Fort Worth-Arlington,972 994 9200,credencehomehealth@sbcglobal.net,Not Using
1619926,"Goodwin Home Healthcare Services,Inc.",9550 Forest Lane Ste229 ,TX ,Dallas ,75243,Dallas-Fort Worth-Arlington,214 342 1119,,Freemium
1649346,FOREFRONT LIVING Dba PRESBYTERIAN VILLAGE NORTH SPECIAL CARE CENTER ,"8600 SKYLINE DR , ",TX,Dallas,75243,Dallas-Fort Worth-Arlington,214-355-9000,a@a.com,Not Using
1618306,"Aquinai Home Healthcare Inc, Frisco ",8330 LBJ Freeway Ste. 475,TX,Dallas,75243,Dallas-Fort Worth-Arlington,214 792 9761,,Freemium
1618307,Divine Home Health Care,4230  LBJ Freeway ,TX,Dallas,75244,Dallas-Fort Worth-Arlington,972 242 6930,,Freemium
1619819,"CareWorks Home Health Services, Inc.","13612 Midway Road, Suite 103 , ",TX,Dallas,75244,Dallas-Fort Worth-Arlington,972 991 9966,,Freemium
1619066,New Heights Home Health - Arlington,1341 W Mockingbird Ln Suite 500W,TX,Dallas,75247,Dallas-Fort Worth-Arlington,214 631 2232,,Freemium
1630556,TREASURE LIFE HEALTH CARE SERVICES INC,8111 lbj freeway #1340 ,TX,Dallas,75251,Dallas-Fort Worth-Arlington,2144846084,treasurelifeserv@gmail.com,Order360 Lite
1637331,"Acceptance Home Health, LLC",8131 LYNDON B JOHNSON FWY STE 750,TX,Dallas,75251,Dallas-Fort Worth-Arlington,214-257-8585,contact@acceptancehh.com,Order360 Lite
1620002,AAA Home Healthcare Inc.,"17330 Preston Road, STE 150A",TX,Dallas,75252,Dallas-Fort Worth-Arlington,(866) 929-7587,a@a.com,Order360 Lite
1625185,Amity Health Care Services,17290 Preston Rd. Ste 210E,TX,Dallas,75252,Dallas-Fort Worth-Arlington,972-931-5400,info@amityhcs.com,Freemium
1620816,Chosen Home Health services Inc.,17290 Preston Rd . ,,,75252,Dallas-Fort Worth-Arlington,972 590 0237,.,Not Using
1618808,Wkm Healthcare Inc,"18383 Preston Rd STE426-C,",TX,Dallas,75252,Dallas-Fort Worth-Arlington,972 240 8600,ordermanagement@avatarhealthcare.com,Order360 Lite
1619512,Starcrest Healthcare Services,17330 Preston Road,Texas ,Dallas ,75252,Dallas-Fort Worth-Arlington,972 735 8736,starcrest@starcresthealth.com,Not Using
1618303,Guardian Angels At Home Care Inc,"18383 Preston Rd STE426-B,",TX,Dallas,75252,Dallas-Fort Worth-Arlington,972-247-8203 ,ordermanagement@avatarhealthcare.com,Order360 Lite
1619890,Novel Home Health Agency-Dallas,7920 Beltline Rd. Suite 255 ,Texas ,Dallas,75254,Dallas-Fort Worth-Arlington,972 994 9395,,Freemium
1645035,Caring People,"7920 Belt Line  Rd STE 380 , ",TX ,Dallas,75254,Dallas-Fort Worth-Arlington,214-866-0085,a@a.com,Not Using
1624346,My Centric Home Health,3900 Joe Ramsey Blvd,TX,Greenville,75401,Dallas-Fort Worth-Arlington,9034053055,Stephanie.Lyon@mycentrichealth.com,Order360 Lite
1623384,HEALING TOUCH HOMECARE,2304 JOE RAMSEY BLVD E  ,TX,Greenville,75401,Dallas-Fort Worth-Arlington,9034558191,abc@abc.com,Not Using
1624880,Enhabit - GREENVILLE,"8317 Wesley St, ",TX,Greenville,75402,Dallas-Fort Worth-Arlington,903-259-6817,,Not Using
1619815,Elara Caring - Greenville,"8110 Wesley St., Suite 120,",TX,Greenville,75402,Dallas-Fort Worth-Arlington,903 454 3710,a@a.com,Not Using
1620413,Purity Home Health Care,301 W Sam Rayburn Dr Ste A,TX,Bonham,75418,Dallas-Fort Worth-Arlington,9035837040,.,Order360 Lite
1619927,Home Health Associates Llc,"2104 Monroe street Ste C , ",TX ,Commerce,75428,Dallas-Fort Worth-Arlington,903 886 0613,,Not Using
1647048,Vista Physical Therapy,"3059 Champions Way, Suite 400 ",TX ,Melissa,75454,Dallas-Fort Worth-Arlington,469-885-8671,a@a.com,Not Using
1640648,"DIAMOND HEART HEALTHCARE, INC",7700 CRESSWELL DR,TX,ARLINGTON,76001,Dallas-Fort Worth-Arlington,8178813135,diamondhearthc@yahoo.com,Not Using
1618688,Elara Caring - Arlington,2261 Brookhollow Plaza Dr. Ste 106,TX,Arlington,76006,Dallas-Fort Worth-Arlington,817 469 8340,a@a.com,Not Using
1624923,Enhabit - ARLINGTON,2000 E. Lamar Blvd. Ste. 155 ,TX,Arlington,76006,Dallas-Fort Worth-Arlington,214-327-1700,,Not Using
1625113,Enhabit OF DFW (ARL),"2000 E. LAMAR BLVD, SUITE 155         ",TX ,ARLINGTON,76006,Dallas-Fort Worth-Arlington,(214) 327-1700,,Not Using
1619209,Apple Soft Home Care Services LLC,1201 N Watson Rd Ste 200 ,TX,Arlington,76006,Dallas-Fort Worth-Arlington,817 695 5893,,Not Using
1620588,Brookdale Home Health DFW,"2415 Avenue J Suite 112 , ",TX,Arlington,76006,Dallas-Fort Worth-Arlington,817 916 2101,,Not Using
1618390,Abundant Home Health,"2233 Ave J, Suite 101",TX,Arlington,76006,Dallas-Fort Worth-Arlington,817 633 3152,,Not Using
1621905,Mission Care Home Health Services,1201 N Watson Rd Ste 154 ,TX,Arlington,76006,Dallas-Fort Worth-Arlington,214 785 2491,.,Not Using
1618427,"Alfred Healthcare Services, INC.",1601 E. Lamar Blvd STE 117,TX,Arlington,76011,Dallas-Fort Worth-Arlington,817 548 8500,a@a.com,Order360 Lite
1623326,Available Home Care Inc,"1601 East Lamar Blvd, Suite 211",TX,Arlington,76011,Dallas-Fort Worth-Arlington,817 457 3200,a@a.com,Order360 Lite
1619988,"Allstar Healthcare, Inc",1100 W PIONEER PKWY ,TX,Arlington,76013,Dallas-Fort Worth-Arlington,817 461 3341,,Not Using
1640865,Allstar Hospice,1032 W Pioneer Pkwy,TX,Arlington,76013,Dallas-Fort Worth-Arlington,817-794-0048,a.price@allstarhospice.com,Not Using
1641498,Holistat LLC,"3610 West Pioneer Parkway Suite 101 ,",TX,Pantego,76013,Dallas-Fort Worth-Arlington,(682) 200-7472,admin@holistathomehealth.com,Order360 Lite
1618599,Tender Heart Home Health ,3210 West Park Row Drive ,TX,Arlington,76013,Dallas-Fort Worth-Arlington,817 265 0066,,Not Using
1627403,Texas Home Health Services-Arlington,"700 Highlander Blvd, Suite 205 , ",TX,Arlington,76015,Dallas-Fort Worth-Arlington,(817) 796-7160,a@a.com,Not Using
1620523,Arbor Trinity Home Health,700 Highlander blvd ste 410,TX,Arlington,76015,Dallas-Fort Worth-Arlington,214 872 2733,abc.abc@gmail.com,Not Using
1618388,DFW HOME HEALTH ARLINGTON,700 Highlander Blvd. Ste. 160,TX,Arlington,76015,Dallas-Fort Worth-Arlington,8176332273,rjordan@hcrhomehealth.com,Not Using
1643599,EmpowerMe Arlington ,"2500, woodside drive,  , ",TX  ,Arlington,76016,Dallas-Fort Worth-Arlington, 682-273-4598,a@a.com,Not Using
1618791,All Care Professional Home Health Inc.,"4275 LITTLE RD, STE 106",TX,-,76016,Dallas-Fort Worth-Arlington,817 457 2688,,Not Using
1619636,Classic Home Care,5800 Interstate 20 W. 110,TX,Arlington,76017,Dallas-Fort Worth-Arlington,817 561 9990,,Not Using
1620064,Hygia Healthcare,"4204 SW Green Oaks Blvd, 120",TX,,76017,Dallas-Fort Worth-Arlington,8174787600,,Not Using
1620052,Sunrise Home Health Service - Bedford - TX,"2117 Central Dr., Suite 104 , ",TX ,Bedford,76021,Dallas-Fort Worth-Arlington,817 283 2100,jayleen.harvey@sunrisehomehealth.com,Order360 Lite
1643829,Select Rehabilitation Bedford,"2308 Highway 121 , ",TX,Bedford,76021,Dallas-Fort Worth-Arlington,2148467215,heartis.mid.cities@selectrehab.com,Not Using
1643712,1st Gentle Care Home Health LLC ,"1901 Central Drive, Ste 300",TX,Bedford,76021,Dallas-Fort Worth-Arlington,214-905-1414,1stgentlecare@gmail.com,Not Using
1619255,BUR - Enhabit BURLESON,621 SW Johnson Ave ,TX,Burleson,76028,Dallas-Fort Worth-Arlington,817 426 3165,,Not Using
1637164,Restoring Function Home Health Care LLC,305 W Hidden Creek Pkwy,TX,Burleson,76028,Dallas-Fort Worth-Arlington,8175004159,jessica@restoringfunction.com,Order360 Lite
1618699,CLE - Enhabit OF NORTH CENTRAL TX,605 NORTH NOLAN RIVER ROAD,TX,CLEBURNE,76033,Dallas-Fort Worth-Arlington,,,Not Using
1619224,Professional Home Health Care  Euless,345 Westpark Way ,TX,Euless,76040,Dallas-Fort Worth-Arlington,817 268 0010,a@a.com,Not Using
1619076,Kindred at Home-Grapevine,2560 SW Grapevine Pkwy Suite 120 ,TX,Grapevine,76051,Dallas-Fort Worth-Arlington,8175148284,a@a.com,Not Using
1644880,Legacy Healthcare Services Mansfield,2500 N. Walnut Creek Dr. ,TX,Mansfield,76063,Dallas-Fort Worth-Arlington,682-400-8122,a@a.com,Not Using
1623905,"NEXSTEP HOME HEALTH CARE, LLC",101 West Dallas St.,TX,Mansfield,76063,Dallas-Fort Worth-Arlington,817-225-6555,mark@nexstephomehealth.net,Not Using
1641959,AlevCare Hospice,"315 S Main St  , ",TX,Mansfield,76063,Dallas-Fort Worth-Arlington,469-630-2538,janie.wolfe@alevcare.com,Not Using
1641502,Angels Care Home Health,1510 Santa Fe Dr. ,TX,Weatherford,76086,Dallas-Fort Worth-Arlington, 817-807-0224,Karyle.edgar@angmarcompanies.com,Not Using
1645641,Branch Healthcare,"542 Silicon Dr, Ste 100,",TX,Southlake,76092,Dallas-Fort Worth-Arlington,817-984-3790,a@a.com,Not Using
1619253,SOU - Enhabit SOUTHLAKE ,2815 Exchange Blvd Ste 400 ,TX,Southlake,76092,Dallas-Fort Worth-Arlington,817 329 2155,,Not Using
1621029,TRIO HOME CARE/JET HEALTH,"2214 Emery St Ste 420, ",TX,Denton,76201,Dallas-Fort Worth-Arlington,940 381 2288,a@a.com,Not Using
1625950,First Choice Home Health in Denton,2800 Shoreline Drive,TX,Select,76210,Dallas-Fort Worth-Arlington,940-387-4594,Kerry.platt@lhcgroup.com,Not Using
1638760,DFW Home Health Denton In partnership with Texas Health Resources,1205 Bent Oaks Court Suite 100 ,TX ,Denton ,76210,Dallas-Fort Worth-Arlington,940-387-4594 ,a@a.com,Not Using
1619254,DTN - Enhabit DENTON,4851 S. I-35E  suite C-104,TX,Denton,76210,Dallas-Fort Worth-Arlington,940 382 2840,,Not Using
1628077,ANJI HOME HEALTH AGENCY INC ,2700 LOON LAKE ROAD,,,76210,Dallas-Fort Worth-Arlington,940-535-6036,anjihh@hotmail.com,Not Using
1618375,Angels Care Home Health Decatur,106 S. Washburn Street ,TX,Decatur,76234,Dallas-Fort Worth-Arlington,940 627 6888,,Not Using
1625238,SOLARIS HOSPICE INC,2250 S FM 51 SUITE 400 DECATUR TX 2250 S FM 51 SUITE 400 ,TX,-,76234,Dallas-Fort Worth-Arlington,940-627-1011,kblack@solarisfamily.com,Not Using
1618428,Angels Care Home Health Gainesville,106 W Main Street,TX,Gainesville,76240,Dallas-Fort Worth-Arlington,940 665 0944,,Freemium
1619722,Enhabit - GAINESVILLE TX,301 West Broadway Street  ,TX,Gainesville,76240,Dallas-Fort Worth-Arlington,940 612 1225,a@a.com,Freemium
1620353,Absolutely Angels Inc,770 S Hwy 377 Ste 208,TX,Pilot Point,76258,Dallas-Fort Worth-Arlington,940 686 0324,,Not Using
1622274,Elara Caring - Bridgeport,"1411 Chico Hwy,",TX,Bridgeport,76426,Dallas-Fort Worth-Arlington,940 683 6370,.a@a.com,Not Using
1620532,Carter Healthcare Del Rio,304 Margaret Lane,Texas,Del Rio,78840,Del Rio Micropolitan Statistical Area,830 778 5566,,Freemium
1618760,DNO - Enhabit,"9351 Grant Street , Suite 275",CO,Thornton ,80229,Denver-Aurora-Lakewood,(303) 586-9112,a@a.com,Not Using
1637330,TMC Home Health-Durant,"372 Bryan Drive Suite 110, ",OK,Durant,74701,Durant Micropolitan Statistical Area,580-920-1784,Anita.Dean@thcs.org,Order360 Lite
1619780,Maverick Home Health Agency,2483 Second St. Suite D ,TX,Eagle Pass,78852,Eagle Pass Micropolitan Statistical Area,830 773 5330,.,Freemium
1623402,St Isabel Home Health Inc,"2149 Del Rio HWY, Suite#102 ",TX,Eagle Pass,78852,Eagle Pass Micropolitan Statistical Area,830-776-5602,abc@abc.com,Not Using
1621331,La Familia Health Inc.,2720 E Yandell Dr Ste 106,TX ,El Paso,79903,El Paso,915-217-6505 ,a@a.com,Not Using
1618498,Guardian Healthcare Fort Worth,2501 Parkview Dr. STE 400,TX,Fort Worth,76102,Fort Worth-Arlington,817 882 8200,,Freemium
1618856,Renew Home Health-Fort worth,1021 Washington Ave,TX,-,76104,Fort Worth-Arlington,817 921 6400,a@a.com,Not Using
1618701,FTW - Enhabit OF NORTH CENTRAL TX.,901 WEST ROSEDALE STREET # 250,TX,Fort Worth,76104,Fort Worth-Arlington,817 737 4300,,Freemium
1619654,DFW Home Health - Fort Worth,3909 Hulen STE 300 ,TX ,Fort Worth,76107,Fort Worth-Arlington,817 529 7555,bridget.carter@lhcgroup.com,Freemium
1643706,Community Healthcare of Texas,6100 Western Place Suite 500 ,TX ,Ft. Worth,76107,Fort Worth-Arlington,817-870-2795,a@a.com,Not Using
1622948,Community Hospice of Texas,"6100 Western Pl #105, ",TX,,76107,Fort Worth-Arlington,817 989 3266,.,Not Using
1618446,Reliant at Home formerly Bridgeway Health Services Inc - Fort.Worth,3880 Hulen St Suite 670,TX,Fort Worth,76107,Fort Worth-Arlington,817-332-0400,a@a.com,Freemium
1619716,Klarus Home Care Fort Worth,4100 International Plaza Suite 750 Overton Centre Tower II,TX,Fort Worth,76109,Fort Worth-Arlington,817 349 9050,a@a.com,Freemium
1643443,"American Outcomes Management, LP",6310 Southwest Blvd. Suite 204,TX,Fort Worth,76109,Fort Worth-Arlington,800-556-4246,a@a.com,Not Using
1618411,Universal Health Services Parent,1208 Country Club Lane ,TX,Fort Worth,76112,Fort Worth-Arlington,817 451 1404,a@a.com,Order360 Lite
1646068,Homecare Dimensions-DFW,"7461 Airport Freeway, ",TX ,Richland Hills,76118,Fort Worth-Arlington,817-918-2384,a@a.com,Not Using
1618841,Interim Health Care Fort Worth,"6815 Manhattan Blvd, Suite 205 ",TX,Fort Worth,76120,Fort Worth-Arlington,817 847 6300,a@a.com,Freemium
1620067,His Grace Home Health,9013 Friendswood Dr.,TX,Fort Worth,76123,Fort Worth-Arlington,817 783 4004,,Freemium
1644303,Legacy Healthcare Services Vantage At Ci - Fort Worth,6251 Overton Ridge Blvd ,TX ,Fort Worth,76132,Fort Worth-Arlington,817-945-1586,a@a.com,Not Using
1622725,Thunder Home Health Services,"5508 Shady Springs Trail, ",TX,Fort Worth,76179,Fort Worth-Arlington,469 735 0194,thunderhhs@yahoo.com,Not Using
1642049,Trinity Home and Health Care,"8716 Ice House Dr, ",,,76180,Fort Worth-Arlington,817-500-4567,info@trinityhomeandhealth.com,Not Using
1623249,"Freedom Hospice, Llc","9001 Airport Freeway, Suite 570",TX,,76180,Fort Worth-Arlington,817 265 0151,.,Not Using
1622750,Aviator Home Health,9500 RAY WHITE RD STE 200,TX,Fort Worth,76244,Fort Worth-Arlington,972 548 2163,a@a.com,Not Using
1619106,Aspira Home Health,1108 Wishing Tree lane ,TX,Keller ,76248,Fort Worth-Arlington,817 431 8528,grace.njie@aspirahomehealth.com,Not Using
1620831,"Medicall Home Health Services LLC,",320 Cheyenne Trl ,TX,Keller,76248,Fort Worth-Arlington,817 3801735,,Not Using
1622219,Hope Home Care Inc-Keller,703 BRIAR MEADOW CT,TX ,Keller,76248,Fort Worth-Arlington,817 498 3403,a@a.com,Not Using
1623117,"ALL ABOUT HOME CARE, INC",427 W 20TH ST STE. 601,TX,Houston,77008,Houston–The Woodlands–Sugar Land,713 802 1211,abc@gmail.com,Order360 Lite
1620683,"Gaspy Home Healthcare,Inc","1919 N Loop W,Suite 400 ",TX,Houston,77008,Houston–The Woodlands–Sugar Land,713 742 0615,a@a.com,Freemium
1623006,St Francis Health Care Services Inc-Houston,"9888 Bissonnet Suite #370 , ",TX,Houston,77036,Houston–The Woodlands–Sugar Land,713 271 2200,a@a.com,Not Using
1642212,"Varco Home Health, LLC Houston",9898 Bissonnet St. Suite: 364 ,Tx,Houston,77036,Houston–The Woodlands–Sugar Land,713-581-9198,mary@varcohealthcare.com,Not Using
1640468,Advanced Home Health Services - Houston,8800 Jameel Rd,TX,Houston,77040,Houston–The Woodlands–Sugar Land,713-426-0313,mreed@advancedhhs.com,Freemium
1621927,"United America Home Health Services, Inc","3721 Briarpark Dr Suite 155 Houston, TX",TX ,Houston,77042,Houston–The Woodlands–Sugar Land,713 975 1310,abc@unitedamericahomehealthservices.com,Freemium
1620763,Brookdale Home Health-Houston,12606 West Houston Center Blvd,TX,Houston,77056,Houston–The Woodlands–Sugar Land,713 623 0291,a@a.com,Freemium
1621567,A Better Homecare,"6250 westpark suite 211 , ",TX ,Houston,77057,Houston–The Woodlands–Sugar Land,713 401 9423,.,Freemium
1621450,Extracare Home Health Services,"3724 Fm 1960 West Suite #201 , ",TX,Houston,77068,Houston–The Woodlands–Sugar Land,832 484 8203,.,Not Using
1622917,Caring Professional Health Services Inc-Houston,8300 bissonnet suite 150,TX,Houston,77074,Houston–The Woodlands–Sugar Land,713 270 9304,a@a.com,Freemium
1621670,HTH  Holy Trinity Healthcare,"7322 Southwest Freeway  Suite 1860 , ",TX ,Houston,77074,Houston–The Woodlands–Sugar Land,713 333 3660,.,Not Using
1623037,APPLE HOME HEALTH CARE SYSTEMS INC,12000 RICHMOND AVE SUITE 333,TX,HOUSTON,77082,Houston–The Woodlands–Sugar Land,281 497 3045,.,Not Using
1622844,HST-Enhabit of Houston,15840 FM 529 Suite 302   ,TX,Houston,77095,Houston–The Woodlands–Sugar Land,281 861 6635,,Freemium
1642800,"Catalyst Health Services, Inc",1724 Richmond Ave. ,TX ,Houston ,77098,Houston–The Woodlands–Sugar Land,713-425-0010,a@a.com,Not Using
1618566,THERACARE HOME HEALTH - NORTH HOUSTON,2245 N LOOP 336 W STE G,TX,CONROE,77304,Houston–The Woodlands–Sugar Land,(936) 441-1530,a@a.com,Freemium
1620884,Elite Home Health-Tomball,425 HOLDERRIETH BLVD STE 211,TX,Tomball,77375,Houston–The Woodlands–Sugar Land,346-808-5669,a@a.com,Not Using
1623523,"PINARD HOME HEALTH, INC.",17819 STUEBNER AIRLINE RD  STE #F,TX,-,77379,Houston–The Woodlands–Sugar Land,281-205-7948,PEGGYPINARD58@YAHOO.COM,Not Using
1621240,Enhabit - THE WOODLANDS,2201 Timberloch Place Suite 225 ,TX ,The Woodlands,77380,Houston–The Woodlands–Sugar Land,281 465 8812,,Not Using
1624318,"Perpetual Home Health, LLC",4218 Countryheights Ct,TX,Spring,77388,Houston–The Woodlands–Sugar Land,2814441789,abc@abc.com,Not Using
1642839,Jubilee Care at Home Health Care Services,300 Jackson St,TX,Richmond,77469,Houston–The Woodlands–Sugar Land,832-774-3000,jubileecareinfo@gmail.com,Not Using
1628051,"Caring Professional Home Health Services, Inc-Stafford","12783 Capricorn Drive Suite 600, , ",Texas ,Stafford,77477,Houston–The Woodlands–Sugar Land,2812651633,cphhsinc@gmail.com,Not Using
1623413,AccentCare-Sugar Land,12808 W airport Blvd Suite 350 ,TX ,sugarland ,77478,Houston–The Woodlands–Sugar Land,7138800683,abc@abc.com,Freemium
1647388,AllStar Hospice Inc.,13515 Southwest Freeway #215 ,TX ,Sugar Land,77478,Houston–The Woodlands–Sugar Land,713-280-7972,a@a.com,Not Using
1620057,AccentCare Wharton 135,10358 US Hwy 59 Loop Ste B,TX,Wharton,77488,Houston–The Woodlands–Sugar Land,979 532 8584,a@a.com,Not Using
1621080,Signature Health Services,"606 Rollingbrook, Ste 2F",TX,-,77521,Houston–The Woodlands–Sugar Land,281 420 2704,.,Not Using
1623789,"SIRION, LLC",20111 FM 2100 Road Ste 106,TX,Crosby,77532,Houston–The Woodlands–Sugar Land,281-361-0715,abc@abc.com,Not Using
1636812,Chrysalis Home Healthcare,"1506 Winding Way Dr., Suite 605, ",TX,Friendswood,77546,Houston–The Woodlands–Sugar Land,832-820-9113,kristie@chrysalishhc.com,Order360 Lite
1618475,Angels Care Home Health Lake Jackson ,113 Abner Jackson Pkwy ,TX,Lake Jackson,77566,Houston–The Woodlands–Sugar Land,979 297 3400,,Not Using
1622951,Marathon Healthcare Services LLC,"2421 Roy Road , ",TX,Pearland,77581,Houston–The Woodlands–Sugar Land,281 997 6272,.,Not Using
1628119,AMED SERVICES INC,8900 EMMETT F LOWRY EXPY SUITE 102 ,TX,Texas City,77591,Houston–The Woodlands–Sugar Land,409-935-1675,a@a.com,Not Using
1621541,AccentCare Home Health- Huntsville,"119 Medical Park Lane Suite C , ",TX,Huntsville,77340,Huntsville Micropolitan Statistical Area,936 293 8434,a@a.com,Freemium
1622937,Elara Caring - Jackson,900 Cooper St. ,MI ,Jackson ,49202,Jackson,517 768 4629,kstump@greatlakescaring.com,Not Using
1643515,Peterson Health - Kerrville,551 Hill Country Drive,TX,Kerrville ,78028,Kerrville Micropolitan Statistical Area,830-258-7184,jayala@petersonhealth.com,Not Using
1620153,PHC-PETERSON LICENSED HOME CARE,250 Cully Drive,TX,Kerrville,78028,Kerrville Micropolitan Statistical Area,830-258-7400,tsifford@petersonhealth.com,Not Using
1620038,Bandera Tri County Home Health Agency,874 Harper Rd Ste 105,TX,Kerrville,78028,Kerrville Micropolitan Statistical Area,830 895 3100,a@a.com,Not Using
1620186,Carter Healthcare Kerrville ,1220 Bandera Highway ,TX ,Kerrville ,78028,Kerrville Micropolitan Statistical Area,866 338 4854,,Not Using
1620566,Interim Healthcare Temple,3320 Pecan Valley Ste. E,TX,Temple,76502,Killeen-Temple,254 771 4131,a@a.com,Not Using
1619348,Elara Caring - Harker Heights,"108 E. FM 2410, Suite A ",TX,Harker Heights,76548,Killeen-Temple,254 554 3500,a@a.com,Not Using
1645311,Concepts of Care - dba VitalCaring Group-LAF,"100 General Mouton Ave,",,,70501,Lafayette,337-289-9688,a@acom,Not Using
1644900,Acadian HomeCare of Lafayette,"458 Heymann Boulevard, Building A , ",LA ,Lafayette,70503,Lafayette,337-235-8185,a@a.com,Not Using
1644838,Amedisys Home Health Care (1253)Lafayette,"4021 Ambassador Caffery Parkway, Ste 100,",LA,Lafayette,70503,Lafayette,337-989-6913,a@a.com,Not Using
1628570,Stat Home Health -Lafayette,"923 W Pinhook Rd, ",LA ,Lafayette,70503,Lafayette,(337)988-9324,a@a.com,Not Using
1644901,Elara Caring Lafayette,"501 W St Mary Blvd # 302, , ",LA ,Lafayette,70506,Lafayette,337-267-9494,a@a.com,Not Using
1644346,Grace Home Health Lafayette,"1602 W. Pinhook Rd, Ste 301 ",La ,Lafayette,70508,Lafayette,337-889-5950,a@a.com,Not Using
1644819,Audubon Home Health South,221 Rue De Jean St,LA,Lafayette,70508,Lafayette,337-210-5124,heatherh@ahhlafayette.com,Not Using
1645125,"NSI Inc, DBA: Nursing Specialties Home Health",1025 Camellia Blvd. ,LA ,Lafayette ,70508,Lafayette,337-266-9996,a@a.com,Not Using
1644898,LOURDES HOME HEALTH,4540 Ambassador Caffery Parkway Suite B220,LA , Lafayette ,70508,Lafayette,3374062539,a@a.com,Not Using
1644903,Acadian Home Care of Abbeville,"105  odea st , ",LA ,Abbeville,70510,Lafayette,(337)892-0805,a@a.com,Not Using
1644888,Acadia Homecare of Acadia Parish,"1108 East 8th Street , ",,,70526,Lafayette,337-785-8080,a@a.com,Not Using
1644890,Grace Home Health Eunice,151 Hill St. ,LA,Eunice,70535,Lafayette,337-603-0603,a@a.com,Not Using
1645968,Kaplan HomeCare,710 North Foote Avenue ,LA ,Kaplan ,70548,Lafayette,3376438207,a@a.com,Not Using
1645554,Acadian HomeCare of New Iberia,"125 East main Street Suite 210,",Louisiana , New Iberia,70560,Lafayette,337-367-1882   ,a@a.com,Not Using
1644895,Amedisys Home Health Care (1292) Opelousas,"2341 Larkspur Ln Suite 3, ",LA ,Opelousas,70570,Lafayette,3379483223,a@a.com,Not Using
1644905,St. Landry HomeCare,426 Heather Drive ,LA ,Opelousas ,70570,Lafayette,3379488988,a@a.com,Not Using
1644993,Nursing Care Home Health,613 Brashear Ave,LA,Morgan City,70380,Lafayette-Opelousas-Morgan City Combined Statistical Area,985-384-3478,A@a.com,Not Using
1646677,"Synergy Care Southeast, LLC","127 W Broad St, Ste 850. ",LA ,Lake Charles,70601,Lake Charles,216-374-6220,a@a.com,Not Using
1625083,CARE GUARDIAN HEALTH SERVICES INC,1701 JACAMAN RD. STE RP8-F,TX,Laredo,78041,Laredo,9567255539,a@a.com,Not Using
1623292,Vanguard Healthcare,6999 McPherson Road,TX,Laredo,78041,Laredo,956 686 9500,a@a.com,Order360 Full
1623836,"La Esperanza Home Health, Inc",5703 SPRINGFIELD AVE,TX,Laredo,78041,Laredo,9567234702,abc@abc.com,Not Using
1642005,Laredo Quality Home Health dba Serenity Home Care Services,"107 Calle Del Norte #17A , ",TX ,Laredo,78041,Laredo,956-725-5533,a@a.com,Not Using
1624920,Superior Care Home Health-Laredo,206 Malaga Dr,TX,Select,78046,Laredo,9562855455,abc@abc.com,Not Using
1646204,"Haven Skilled Services, LLC",500 S Dr EE Dunlap Suite AB ,TX,San Diego,78384,Laredo Micropolitan Statistical Area,(361) 279-7159,a@a.com,Not Using
1619768,LAW - INNOVATIVE HOME HEALTH ,"1320 HOMESTEAD DRIVE, STE. H ",OK ,LAWTON ,73505,Lawton,580 248 7400,,Freemium
1622919,"GENESIS HEALTHCARE, LLC-Lawton",6215 Westgore Blvd,OK,Lawton ,73505,Lawton,580 745 9030,a@a.com,Order360 Lite
1618293,Elara Caring - Lawton,7205 West Gore Blvd,OK,Lawton,73505,Lawton,580-775-8794,a@abc.com,Freemium
1618243,Kamcare Home Health Services Llc,136 Old Mill Center,TX,Livingston,77351,Livingston Micropolitan Statistical Area,866 344 2821,valerie.gilkison@kamcare.com,Not Using
1621127,American Medical Technologies,17595 Cartwright Road,CA,-,92614,Los Angeles-Long Beach-Anaheim,8885449093,.,Not Using
1620265,Caprock Home Health Services - Lubbock,8806 University Ave,TX,Lubbock,79423,Lubbock,806 792 2660,,Freemium
1620278,Enhabit - LUBBOCK,4225 85th Street ,TX,Lubbock,79423,Lubbock,806 794 3555,,Freemium
1629312,"Calvert Home Health Care, LLC Lubbock-CAL-LUB",4621 S Loop 289 Suite A,TX,-,79424,Lubbock,8067478965,a@a.com,Order360 Full
1621990,Paz Home Health,1300 N. 10th street Suite 210,TX,Mcallen,78501,McAllen-Edinburg-Mission,956 781 8445,.,Not Using
1625045,St. Anthony's Home Healthcare Service Inc.,3825 N 10TH ST SUITE A ,TX,MCALLEN,78501,McAllen-Edinburg-Mission,956-994-8766,maritza-frnc@yahoo.com,Not Using
1644785,SDQ HEALTHCARE SERVICES LLC,"1022 E GRIFFIN PKWY STE 103B WEST , ",TX  ,MISSION,78572,McAllen-Edinburg-Mission,956-890-0492,a@a.com,Not Using
Agency Id,Agency Name,Address,State,City,Zipcode,Metropolitan Statistical Area (MSA),Telephone,Email,Agency Type
1645131,AbleNet Inc," 2625 Patton Rd,",MN ,Roseville,55113,Minneapolis-St. Paul-Bloomington,651-401-1285,a@a.com,Not Using
1643584,Stat Home Health North Monroe,1913 Stubbs Ave,La,Monroe,71201,Monroe,318-410-1344,a@a.com,Not Using
1643585,TruCare Home Health Monroe,3300 Forsythe Avenue Suite A,LA,Monroe,71201,Monroe,318-388-8826,a@a.com,Not Using
1643583,St. Francis Medical Center Home Health,"1107 Hudson Lane,  Suite A, ",LA ,Monroe,71201,Monroe,318-325-9633,a@a.com,Not Using
1647139,PrimeSTAR Home Health,"301 Hudson Lane , ",La,Monroe,71201,Monroe,3183298292,a@a.com,Not Using
1645973,AlphaCare Home Health,"1859 Avenue of America, Building 5, Suite A, , ",LA  ,Monroe,71201,Monroe,318-323-7097,a@a.com,Not Using
1644999,Elara Caring Monroe,300 Washington St Suite 402,LA,Monroe,71201,Monroe,318-340-0221,a@a.com,Not Using
1643641,Haven Home Health - Monroe,4404 Sterlington Rd,LA,Monroe ,71203,Monroe,318-324-8632,intake@havenh.health,Not Using
1643654,Delhi HomeCare,"509 Cincinnati Street , ",LA,Delhi,71232,Monroe,318-878-5152,a@a.com,Not Using
1646075,"CenterWell Home Health West Monroe,LA ","5955 Cypress St Suite D West Monroe, La ",La ,"West Monroe,",71291,Monroe,318-805-0106,a@a.com,Not Using
1643628,Glenwood Home Health Services,1509 North 7th Street ,La ,West Monroe,71291,Monroe,318-396-0452,a@a.com,Not Using
1644731,Serenity Homecare - West Monroe,3602 CYPRESS ST STE A,LA,WEST MONROE,71291,Monroe,318-373-2273,bmurray@serenityhh.net,Not Using
1618923,Elara Caring - Center,"202 Tenaha , ",TX,Center,75935,Nacogdoches Micropolitan Statistical Area,936 590 9303,a@a.com,Not Using
1647084,Intensive Home Healthcare,"1810 EE Wallace Boulevard, #6",LA  ,Ferriday,71334,Natchez Micropolitan Statistical Area,3183369030,a@a.com,Not Using
1637533,Home Nursing Home Health,619 N Grant Ave #110 ,TX ,Odessa ,79761,Odessa,432-617-8125,a@a.com,Order360 Lite
1620276,Nurses Unlimited Inc,"3800 E 42nd St Ste 203 , ",TX ,Odessa,79762,Odessa,432 550 1700,,Not Using
1643490,Atlas Homecare & Hospice Layton,"880 Heritage Park Blvd STE 200, ",Utah ,Layton ,84041,Ogden-Clearfield,801-771-9099,a@a.com,Not Using
1619418,Amedisys Home Health Care OKC,5828 NW 135th Street Suite A,OK ,OKC ,73142,Oklahoma City,405-748-7104,a@a.com,Freemium
1618773,PAL - Enhabit OF EAST TEXAS (PAL),"2256 S SYCAMORE, STE 2",TX,Palestine,75801,Palestine Micropolitan Statistical Area,903 723 3991,,Not Using
1630830,RED RIVER HOMECARE LLC,"3185 LAMAR AVE , ",TX ,PARIS,75460,Paris Micropolitan Statistical Area,903-739-9483,pam.clark@lhcgroup.com,Freemium
1620984,Fox Rehabilitation ,"7 Carnegie Plaza,  ",NJ ,Cherry Hill,8003,Philadelphia-Camden-Wilmington,877 407 3422,.,Not Using
1643574,Adapt Health Philadelphia,PO Box 825563 ,PA ,Philadelphia ,19182,Philadelphia-Camden-Wilmington, 940-217-5152,a@a.com,Not Using
1645017,CHC Solutions  ,162 Industry Drive,PA,Pittsburgh,15275,Pittsburgh,800-344-1550,a@a.com,Not Using
1646054,"Nutrishare, LLC","9850 Kent St,",CA ,Elk Grove,95624,Sacramento--Roseville--Arden-Arcade,800-466-3876,a@a.com,Not Using
1642940,Intermountain Homecare and Hospice,PO Box 30180 ,,,84130,Salt Lake City,801-906-2870 ,a@a.com,Not Using
1622898,Alamo Hospice-Boerne,"1595 South Main Street Suite#101 , ",TX,Boerne,78006,San Antonio-New Braunfels,830 816 5024,.,Not Using
1622030,Crest Medical Home Health,1100 N Main St. Suite 201,TX,Boerne,78006,San Antonio-New Braunfels,830 331 2005,ddelarosa@cresthomehealth.com,Order360 Lite
1620118,Texas Health Care Solutions-Boerne,"136 Old San Antonio Rd., Suite 102",,,78006,San Antonio-New Braunfels,210 877 5222,.,Not Using
1620235,"Adventia Healthcare Associates, INC",408 HWY 90 E,TX,Castroville,78009,San Antonio-New Braunfels,830-538-5050,,Freemium
1645289,PLS – Elite Home Health,"1907 HWY 97 E, STE 230",TX ,JOURDANTON,78026,San Antonio-New Braunfels,830-281-8136 ,a@a.com,Not Using
1620187,Carter Healthcare Pearsall,101 S. Oak St Unit 101-B ,TX ,Pearsall,78061,San Antonio-New Braunfels,830 625 4837,,Not Using
1620119,Mkare Management Inc,147 Auburn Ridge ,TX,Spring Branch,78070,San Antonio-New Braunfels,2102181225,,Not Using
1622835,EXCLUSIVE HOME HEALTH AND HOSPICE INC,202 N SAINT MARYS ST,TX,Beeville,78102,San Antonio-New Braunfels,361 358 2468,.,Not Using
1627396,Connally Memorial Home Health,1303 Hospital Blvd   ,TX,Floresville,78114,San Antonio-New Braunfels,830-393-1540,mtalamantez@connallymmc.org,Not Using
1643644,Kaiser Home Health Services - Kenedy ,3349 S. Hwy 181,TX,Kenedy,78119,San Antonio-New Braunfels,830-583-4558,STACEY.SCHULTZ@OKMH.ORG,Not Using
1620565,Interim Healthcare New Braunfels,1583 Common St. ,TX,New Braunfels,78130,San Antonio-New Braunfels,830 214 0039,a@a.com,Freemium
1620495,NBR – CHRISTUS HomeCare,921 Lakeview Blvd Suite 200,TX,New Braunfels,78130,San Antonio-New Braunfels,830 629 7568,na@na.com,Freemium
1618451,Carter Healthcare - New Braunfels,555 IH 35 S,TX,New Braunfels,78130,San Antonio-New Braunfels,830 625 4837,,Freemium
1622697,Advanced Home Health Service-New Braunfels,215 Courtyard Dr,TX,New Braunfels,78130,San Antonio-New Braunfels,830 625 4144,a@a.com,Not Using
1644372,Guadalupe Regional Hospice ,"1346 E Walnut, ",TX ,Seguin,78155,San Antonio-New Braunfels,830-401-7561,a@a.com,Not Using
1622294,Altima Home Health Care Inc,"218 Renner Drive , ",TX,San Antonio,78201,San Antonio-New Braunfels,210 888 2625,.,Freemium
1619581,"MMcare, LLC",602 Babcock Rd. ,TX,San Antonio,78201,San Antonio-New Braunfels,2107341300,abc@abc.com,Freemium
1620593,LifeSpan Home Health-San Antonio,"6243 IH-10 West, Ste 375 , ",TX,,78201,San Antonio-New Braunfels,210 785 6696,,Not Using
1645401,Texas Home Medical San Antonio,"6243 I-10, Ste. 118, ",TX ,San Antonio,78201,San Antonio-New Braunfels,210-340-0202,a@a.com,Not Using
1620214,AXIS HOME HEALTH,120 N. MESQUITE ST,TX,SAN ANTONIO  ,78202,San Antonio-New Braunfels,210 223 4933,abc@gmail.com,Order360 Lite
1630769,Advanced Home Health Services San Antonio,"1860 Nacogdoches RD,",TX,,78209,San Antonio-New Braunfels,210-444-2022,cmeneley@advancedhhs.com,Freemium
1628041,"Adaptive Health Services, LLC",8700 Crownhill Blvd Suite 300 ,TX,San Antonio,78209,San Antonio-New Braunfels,(210) 824-5530,info@adaptive-hs.com,Freemium
1621881,"NATIONAL NURSING & REHAB ADULT, LLC dba Astella Health San Antonio","1635 NE Loop 410 Suite 700  , ",Texas ,San Antonio,78209,San Antonio-New Braunfels,830 757 0900,abc@abc.com,Not Using
1621645,Completecare Home Health Llc-San Antonio,"1112 BLANCO RD  , ",TX ,San Antonio,78212,San Antonio-New Braunfels,210 520 7977,a@a.com,Order360 Lite
1622489,Green Apple Home Health,1003 Beckett Ste 203,TX,San Antonio,78213,San Antonio-New Braunfels,210 524 2400,.,Freemium
1620737,"Care Professional Nursing,Inc.",6655 First Park Ten Blvd Ste 110,TX,San Antonio,78213,San Antonio-New Braunfels,210 734 4040,,Freemium
1620455,"Brit-Tex Nursing Services, Inc",6655 First Park Ten suite:102 ,TX,-,78213,San Antonio-New Braunfels,210 733 3246,,Not Using
1622009,Guardian Angels Healthcare-San Antonio,1945 Lockhill Selma Rd. Ste#203,TX,San Antonio,78213,San Antonio-New Braunfels,210 437 4119,a@a.com,Freemium
1620446,Home Nursing And Therapy Services,2018 Avenue B Ste.#105,TX,San Antonio,78215,San Antonio-New Braunfels,210 822 8807,,Freemium
1619051,Guardian Healthcare San Antonio ,"45 NE Loop 410, Suite 903",TX,San Antonio,78216,San Antonio-New Braunfels,210 377 1033,mmartinez@guardmyhealth.com,Not Using
1621612,Mi Familia Home Health,"100 NE Loop 410, Suite 1500",TX,San Antonio,78216,San Antonio-New Braunfels,2106153877,a@a.com,Freemium
1620894,Summit Home Health Care,100 NE Loop 410 Ste 1500A,TX,San Antonio,78216,San Antonio-New Braunfels,210 615 3877,a@a.com,Order360 Lite
1623222,Touchstone Home Health,"613 NW Loop 410 Ste 195, ",TX,San Antonio,78216,San Antonio-New Braunfels,210 541 8884,a@a.com,Order360 Lite
1630064,"PRIME HOME HEALTH, LLC","506 E RAMSEY RD STE 1, UNIT 2 ",TX ,SAN ANTONIO,78216,San Antonio-New Braunfels,210-251-4973,a@a.com,Order360 Full
1630150,Santa Rita Home Health Services,"10803 Gulfdale St, Suite 250, , , ",TX,San Antonio,78216,San Antonio-New Braunfels,210-200-8502,eddie@santaritahhs.com,Order360 Lite
1621909,San Antonio Home Health,85 NE LOOP 410 SUITE 607,TX,San Antonio,78216,San Antonio-New Braunfels,210 787 3343,a@a.com,Not Using
1644961,Prosthetic Innovations Inc. ,10615 Perrin Beitel Rd #204 ,Tx ,San Antonio,78217,San Antonio-New Braunfels, 210-290-9225 ,a@a.com,Not Using
1622024,"Meridian HCS, LLC",8546 BROADWAY ST #211 ,TX,-,78217,San Antonio-New Braunfels,210 826 9393,.,Not Using
1620432,Living Tree Of Life Home Health,1800 NE Loop 410 Suite 400,TX,San Antonio,78217,San Antonio-New Braunfels,210 377 3444,a@a.com,Not Using
1620122,Loving Care Home Health - San Antonio,5805 Callaghan Rd Suite: 201 ,TX,San Antonio,78228,San Antonio-New Braunfels,210 697 7200,lovingcarehomehealth@yahoo.com,Order360 Lite
1619129,Klarus Home Care San Antonio,4318 Woodcock Dr. Suite 140,TX,San Antonio,78228,San Antonio-New Braunfels,210 732 7600,bmcdowell@signalhomehealth.com,Freemium
1620150,KINDRED AT HOME-San Antonio,4335 W PIEDRAS DR SUITE 100 ,tx,-,78228,San Antonio-New Braunfels,210 614 0473,a@a.ccom,Not Using
1620149,SA Nurses Home Health Agency,"4414 Centerview Dr., Suite 210",TX,San Antonio,78228,San Antonio-New Braunfels,210 798 2199,abc@abc.com,Freemium
1620970,Soft Touch Home Care,1222 Callaghan ,Texas ,San Antonio ,78228,San Antonio-New Braunfels,210 433 0555,.,Not Using
1618795,TSC – CHRISTUS HomeCare,"4502 Centerview Drive, Ste 225",TX,-,78228,San Antonio-New Braunfels,866 821 9788,alexs@riomed21.com,Not Using
1621146,ANEW HEALTH CARE ,"4606 CENTERVIEW DRIVE, SUITE 221",TX,-,78228,San Antonio-New Braunfels,2102904267,.,Not Using
1620579,American Medical Home Health Services-San Antonio,4241 Woodcock Dr Suite B101,TX,San Antonio,78228,San Antonio-New Braunfels,210 735 6225,a@a.com,Freemium
1624899,Alomega Home Health Care-San Antonio,4241 E Piedras Dr #251 ,TX,San Antonio,78228,San Antonio-New Braunfels,210-949-0256,abc@abc.com,Order360 Lite
1620082,ALL CARE INC - San Antonio,5835 Callaghan Rd #303,TX,San Antonio,78228,San Antonio-New Braunfels,210 348 8805,a@a.com,Not Using
1622010,All Star Medical Equipment,4241 E Piedras Drive Suite 175 ,TX ,San antonio ,78228,San Antonio-New Braunfels,210 521 2100,.,Not Using
1642934,Elite Home Health San Antonio,4100 E Piedras Dr Ste 245,TX ,San Antonio,78228,San Antonio-New Braunfels,210-314-2211,info@elitehomehealth4u.com,Not Using
1619118,Christus Home Health San Antonio ,"4142 Woodcock Dr, Suite 100A",TX,San Antonio,78228,San Antonio-New Braunfels,210 785 5200,josephine.rangel@christushealth.org,Freemium
1620592,Casa Linda Home Care Inc,5555 Fredericksburg Rd suite 200,TX,San Antonio,78229,San Antonio-New Braunfels,210 349 5515,,Freemium
1620646,Comprehensive Home Health," 9502 Computer Drive, Suite 102 ",TX,San Antonio,78229,San Antonio-New Braunfels,210 614 0200,.,Freemium
1620112,All County Home Health,7900 Callaghan Suite 115,TX,San Antonio,78229,San Antonio-New Braunfels,830 331 1291,care@allcountyhhh.co,Not Using
1623979,Amedisys Home Health-San Antonio,5430 Fredricksburg Rd Suite T130,TX,San Antonio,78229,San Antonio-New Braunfels,210-558-9606,a@a.com,Freemium
1620154,Ascensia Home Health Inc.,6323 Sovereign Dr. Ste 222 ,TX,,78229,San Antonio-New Braunfels,210 521 0575,,Not Using
1620703,Bexar Care Home Medical,"7410 John Smith Ste 210, Ste 108",TX,San Antonio,78229,San Antonio-New Braunfels,210 614 3804,,Not Using
1620629,Axiom Home Health dba Acara Healthcare San Antonio,"9514 Console Dr. Ste 200,",TX,San Antonio,78229,San Antonio-New Braunfels,210 366-1125,crodriguez@axiomhomehealth.com,Order360 Lite
1638297,Team Select Home Care - San Antonio,"4204 Gardendale, Ste 212, ",TX,San Antonio,78229,San Antonio-New Braunfels,210-714-0688,chrmoore@tshc.com,Not Using
1622353,Theracare Home Health-San antonio,8122 Datapoint Dr. Ste 410,TX,San Antonio,78229,San Antonio-New Braunfels,210 616 3299,a@a.com,Freemium
1621782,Texas Home Health Skilled Services LP-San Antonio,"4801 NW Loop 410 Suite 113 , ",TX ,San Antonio,78229,San Antonio-New Braunfels,2103497355,a@a.com,Freemium
1620213,"St. Mark Home Health Care, LLC",5545 Fredericksburg Rd. Ste 205  ,TX,San Antonio,78229,San Antonio-New Braunfels,210 366 2352,,Not Using
1620951,Resource Health Services Inc-San Antonio,"7551 Callaghan Road, ",TX ,San Antonio,78229,San Antonio-New Braunfels,210 525 0820,.,Not Using
1620507,PJW Health Services,7710 IH-10 W,TX,San Antonio,78229,San Antonio-New Braunfels,210 377 3355,a@a.com,Freemium
1622849,Legacy Healthcare Services Inc-San Antonio,5034 New Forest St. ,TX,San Antonio,78229,San Antonio-New Braunfels,7192147511,rd-847@legacyhealthcare.net,Not Using
1627424,Once Upon A Time,4211 Gardendale Ste A202,TX,San Antonio,78229,San Antonio-New Braunfels,210-432-6623,a@a.com,Not Using
1620120,Superior Home Health Services of San Antonio,8000 Vantage Dr. ,TX,Select,78230,San Antonio-New Braunfels,866 674 0004,aarras@superiorforyou.com,Not Using
1620117,Texas Health Care Solutions-San Antonio,"11550 IH-10 West, Suite 170",TX,San Antonio,78230,San Antonio-New Braunfels,210 877 5222,,Not Using
1644749,Atlas Health San Antonio ,3201 Cherry Ridge Dr Suite B-220 ,Texas ,San Antonio ,78230,San Antonio-New Braunfels,855-941-8341,a@a.com,Not Using
1622279,Capitol Home Health-San Antonio,7800 IH 10 W #800,TX,San Antonio,78230,San Antonio-New Braunfels,210 538 9090,abc@gmail.com,Order360 Lite
1620189,Carter Healthcare San Antonio ,3201 Cherry Ridge suite 211-B,TX,San Antonio,78230,San Antonio-New Braunfels,2108626440,,Freemium
1620113,"Amistad Homecare, Inc",3519 Paesano's Pkwy,TX,San Antonio,78231,San Antonio-New Braunfels,210 474 0037,a@a.com,Freemium
1619175,Embrace Home Health San Antonio,13750 San Pedro Ave #670,TX,San Antonio,78232,San Antonio-New Braunfels,830-216-7111,a@a.com,Order360 Lite
1645288,Suncrest Hospice San Antonio,911 Central Pkwy N Suite 100,TX ,San Antonio,78232,San Antonio-New Braunfels,830-637-2721,a@a.com,Not Using
1645285,Vital Care of San Antonio,140 Heimer Rd Ste 740,TX,San Antonio,78232,San Antonio-New Braunfels,210-774-5220 ,a@a.com,Not Using
1645169,Rise Up Rehab LLC,16400 BLANCO RD. ,TX ,SAN ANTONIO ,78232,San Antonio-New Braunfels,210-572-4954,a@a.com,Not Using
1622214,Option Care-San Antonio,14220 NORTHBROOK DR STE 100B ,TX , San Antonio,78232,San Antonio-New Braunfels,210 403 0429,a@a.com,Not Using
1643052,Methodist Healthcare at Home,140 Heimer Rd,TX,San Antonio,78232,San Antonio-New Braunfels,210-248-3081,a@a.com,Not Using
1618747,H14-Enhabit OF SAN ANTONIO,14800 San Pedro Ave Ste. 200,TX,San Antonio,78232,San Antonio-New Braunfels,210 824 0144,,Freemium
1627493,JONSAN HOME HEALTH INC,5355 BREWSTER ST ,TX,San Antonio,78233,San Antonio-New Braunfels,210-504-3608,jennifer@jonsanhh.com,Not Using
1620660,Paragon Infusion care-San Antonio, 719 Carnoustie Drive Suite 100,TX,San Antonio,78233,San Antonio-New Braunfels,210 591 6700,.,Not Using
1644443,Amerita Specialty Infusion Services ,"6015 Randolph Blvd,  ",TX,"San Antonio,",78233,San Antonio-New Braunfels,210-930-7200,a@a.com,Not Using
1620936,Advocate Homecare,"5732 Wurzbach Road,",TX,San Antonio,78238,San Antonio-New Braunfels,210 521 1244,.,Not Using
1622033,Advanced Imaging Services Inc,5501 Grissom Rd Ste 101,TX,San Antonio,78238,San Antonio-New Braunfels,210 684 0409,zach.aisxray@gmail.com,Not Using
1618865,Premier Home Health Agency,5405 Hurley Dr,TX,San Antonio,78238,San Antonio-New Braunfels,2104157522,a@a.com,Order360 Lite
1620915,Tricare Home Health - San Antonio,5724 Kenwick St,TX,San Antonio,78238,San Antonio-New Braunfels,210 342 7777,tricarehomehealth@gmail.com,Freemium
1636240,PAM Health at Home San Antonio,"8902 Floyd Curl Dr,  ",TX ,San Antonio,78240,San Antonio-New Braunfels,512 295 7000,a@a.com,Order360 Lite
1634810,ADMT Solutions Home Health Care,"8645 Fredericksburg Rd, 170",TX,San Antonio,78240,San Antonio-New Braunfels,(210) 729-1252,adw@admtsolutions.com,Order360 Lite
1620204,Alpha Care Home Health,8632 Fredericksburg Suite 220 ,TX,San Antonio,78240,San Antonio-New Braunfels,210 320 6417,,Freemium
1619186,Apex Home Health San Antonio,4910 Golden Quail Ste 170,TX,San Antonio,78240,San Antonio-New Braunfels,210 541 0131,a@a.com,Freemium
1620114,Abiding Home Health - San Antonio  ,15102 Jones Maltsberger #101 ,TX,San Antonio,78247,San Antonio-New Braunfels,210 403 0901,a@a.com,Order360 Lite
1645267,Select Rehabilitation Heartis San Antonio,"15430 Huebner Rd , ",Tx ,San Antonio,78248,San Antonio-New Braunfels,(210)262-2021,a@a.com,Not Using
1619851,Patience Home Health Care-San Antonio,12770 Cimarron Path Ste 134,TX,San Antonio,78249,San Antonio-New Braunfels,210 340 4445,a@a.com,Freemium
1619978,Homecare Dimensions Inc-San Antonio,12500 Network Boulevard Suite #210,TX,San Antonio,78249,San Antonio-New Braunfels,210 696 2626,abc@abc.com,Freemium
1620355,Access Quality Therapy Services Home Health Agency,"5726 West Hausman Rd, Suite 100",TX,San Antonio,78249,San Antonio-New Braunfels,210 349 0096,a@a.com,Order360 Lite
1620638,Elara Caring - San Antonio,12400 Network Blvd,TX,San Antonio,78249,San Antonio-New Braunfels,210 342 9922,a@a.com,Freemium
1622533,National Seating and Mobility-San Antonio,7715 Mainland Rd Suite 108 ,TX ,San Antonio ,78250,San Antonio-New Braunfels,210 520 6481,abc@abc.com,Not Using
1645161,Westover Hills Rehabilitation and Healthcare Center,"9922 TX-151, ",TX ,San Antonio,78251,San Antonio-New Braunfels,210-380-3079,a@a.com,Not Using
1645208,Select Rehab at Discovery Village Dominion,6906 Heuermann Rd ,TX ,San Antonio,78256,San Antonio-New Braunfels,210-538-8514,a@a.com,Not Using
1644256,"Platinum Infusion Specialists, LLC",36 Devon Wood ,Texas ,San Antonio,78257,San Antonio-New Braunfels,210-844-1805,a@a.com,Not Using
1645102,Select Rehabilitation THE LANDING AT STONE OAK - San Antonio,19110 Huebner Rd,,,78258,San Antonio-New Braunfels,(210) 561-7000,a@a.com,Not Using
1630446,The Weston Group San Antonio,20500 Huebner Road ,TX,San Antonio,78258,San Antonio-New Braunfels,512-644-3354,a@a.com,Not Using
1644341,Paragon Healthcare-San Antonio,1922 Dry Creek Way,TX,San Antonio,78259,San Antonio-New Braunfels,210-591-6700,tvinh@paragonhealthcare.com,Not Using
1618754,SMC - Enhabit  OF AUSTIN DBA,"2108 Hunter Rd, Suite 106 ",TX,San Marcos,78666,San Marcos,512 392 5801,,Not Using
1618736,Heart to Heart Hospice of San Macros,"1340 Wonder World Drive, ",TX,San Marcos,78666,San Marcos,512 667 6816,.,Not Using
1647026,Naven Health,"1626 Barber Road, Suite B,",FL ,Sarasota,34240,Sarasota-Bradenton-Venice, 877-330-7766,a@a.com,Not Using
1623729,HCA HOME HEALTH CARE. Vero Beach,1849 25TH ST ,FL,Vero Beach,32960,Sebastian-Vero Beach,772-770-1167,abc@abc.com,Not Using
1619766,Texoma Medical Center Home Health,2600 North Sam Rayburn freeway suite 200 ,TX,Sherman,75020,Sherman-Denison,903 416 5500,a@a.com,Freemium
1627349,ANGELS OF CARE PEDIATRIC HOME HEALTH LBN AOC SENIOR HOME HEALTH CORP,8001 S US HIGHWAY 75 ,TX,SHERMAN,75090,Sherman-Denison,903-532-1400,mbutgereit@angelsofcare.com,Freemium
1619423,"AdvanTx Home Care,Inc",704 S Sam Rayburn Frwy ,TX,Sherman,75090,Sherman-Denison,903 813 8681,,Freemium
1619421,"Changing Seasons Home Health,Inc",600 N CROCKETT STREET ,TX,Sherman,75090,Sherman-Denison,903 868 3648,a@a.com,Order360 Lite
1619431,Elara Caring - Sherman,121 W lamberth Ste A ,Tx ,Sherman ,75092,Sherman-Denison,903 892 3163,a@a.com,Freemium
1620684,Enhabit OF NORTH CENTRAL TX(GNV),"300 N. Highland Ave, Suite 510",TX,Sherman,75092,Sherman-Denison,9038133238,,Freemium
1622573,"Guardian Home Health Care, an Amedisys Company (0716)Sherman","100 W Lamberth Rd Ste A , ",TX,Sherman,75092,Sherman-Denison,903 870 2347,a@a.com,Freemium
1618591,Mays Housecall Home Health Sherman,100 W Lamberth St B,TX,Sherman,75092,Sherman-Denison,903 868 1589,,Freemium
1618511,Millennium Home Care Hugo,100 w. LAMBERTH SUITE 100,TX,Sherman,75092,Sherman-Denison,9038702347,,Freemium
1646042,The Rehabilitation Center Therapeutic Solutions for Children and Adults,"1216 Hillcrest Drive , ",TX,Sherman,75092,Sherman-Denison,9038937457,a@a.com,Not Using
1622495,"1st Texas Home Health, Whitesboro",PO BOX 147,TX,Select,76273,Sherman-Denison,903 564 9111,a@a.com,Not Using
1642930,Applegate Homecare & Hospice St George,292 S. 1470 E. Suite#101 ,UT ,"St George,",84790,St. George,435-628-1569,a@a.com,Not Using
1630649,EmpowerMe Rehabilitation St. Louis,"300 Hunter Ave, Suite 200 ",MO ,St. Louis,63124,St. Louis,314-884-3182,klewis@empowermewellness.com,Not Using
1620666,CenterWellHomeHealth -Colorado City,271 Walnut Street ,Texas ,Colorado City,79512,Sweetwater Micropolitan Statistical Area,325 728 2657,a@a.com,Not Using
1618812,Unicare Home Health Services of Tyler,"3300 S. Broadway #208 , ",TX,Tyler,75701,Tyler,903 531 9949,,Freemium
1620391,Choice Homecare and Hospice,"6760 Old Jacksonville Hwy, Ste 101",TX,Tyler,75703,Tyler,903 363 9932,intake@choicetx.com,Freemium
1646189,Citizens Medical Center Home Health,"2710 Hospital Dr Ste 202 , ",TX,Victoria,77901,Victoria,361-579-1305 ,a@a.com,Not Using
1644291,Advanced Home Health Services Hallettsville,"113 N Main Suite A     , ",TX ,Hallettsville,77964,Victoria,361-596-8161,a@a.com,Not Using
1630954,Providence Home Care,301 Owen Lane Suite C,TX,Waco,76710,Waco,254-523-6970,connie.knight@ahah.net,Not Using
1620570,Interim Healthcare Waco,"8004 Woodway Drive, Suite 500 , ",TX ,Waco,76712,Waco,8006085368,a@a.com,Not Using
1618405,"BestCare Health Services, Inc. Wichita Falls.",1408 8TH ST,TX,Wichita Falls,76301,Wichita Falls,940-692-9824,a@a.com,Not Using
1620802,Elara Caring - Wichita Falls,"1101 Brook Avenue,",TX ,Wichita Falls,76301,Wichita Falls,940 761 6191,a@a.com,Not Using
1618818,Healing Hands Healthcare,"901 Indiana Ave, Ste 665",TX,Wichita Falls,76301,Wichita Falls,9404320588,summer@healinghandshealthcare.us,Not Using
1644197,"INTEGRATED MANAGEMENT SOLUTIONS, INC",900 8TH ST STE 520,TX,WICHITA FALLS,76301,Wichita Falls,NULL,NULL,NULL
1618884,Kindred At Home Wichita Falls,"900 8th St  Ste 400, ",TX,Wichita Falls,76301,Wichita Falls,940 720 0514,a@a.com,Not Using
1619808,Intrepid Healthcare Services Wichita Falls,"4007 Call Field Road, Suite D ",,,76308,Wichita Falls,940 696 9239,RHONDA.SCHREIBER@intrepidusa.com,Order360 Lite
1618837,Wichita Home Health Services,4245 Kemp Suite 120,TX,Wichita Falls,76308,Wichita Falls,940 322 7113,a@a.com,Not Using
1618387,Falls Home Health - Wichita Falls,4090 Regent Dr. ,TX,Wichita Falls,76308,Wichita Falls,940 766 1990,debbie@fallshomehealth.com,Not Using
1619811,Enhabit - WICHITA FALLS,4001 Cedar Elm ,TX,Wichita Falls,76308,Wichita Falls,940 691 2273,,Not Using
1618480,Angels Care Home Health - Wichita Falls,1908 Elwmood Ave North Suite 101,TX,Wichita Falls,76308,Wichita Falls,940 322 1392,a@a.com,Not Using
1618448,1st Texas Home Health-Wichita Falls,4004 Call Field Rd,TX,Wichita Falls,76308,Wichita Falls,940 763 9500,lreyna@first-texas.com,Not Using
1620021,Electra Memorial Hospital Home Health Services,"113 West Cleveland Street , ",TX,Electra,76360,Wichita Falls,940-495-2900,a@a.com,Order360 Full
1620020,Clay County Home Health Care Henrietta,310 West South Street  ,TX,Henrietta,76365,Wichita Falls,940 538 5621,a@a.com,Order360 Lite
1620028,Seymour Hospital Home Health,"600 N Main St , ",TX,Seymour,76380,Wichita Falls,940 889 3755,,Not Using
1619356,CENTERWELL HOME HEALTH OF VERNON,3908 Wilbarger St,TX,Vernon,76384,Wichita Falls,940-552-5351,a@a.com,Not Using
1628399,"Valley Home Health Care, LLC-Boardman",755 Boardman-Canfield Road N-1 ,OH,Boardman,44512,Youngstown-Warren-Boardman,(330) 758-5727,info@valleyhomehealthcare.com,Not Using