1618438,Elara Caring - Ada,2020 Arlington Suite 5,OK,ADA,74820,Ada Micropolitan Statistical Area,a@a.com,Freemium
1622821,Above and Beyond Homecare Inc.-Anderson,1320 East 53rd Street,IN,Anderson,46013,Anderson,jkendall@homecareindiana.com,Not Using
1622741,Care Force One Inc.,"2440 broadway St,",IN,Anderson,46012,Anderson,.,Not Using
1646052,Aeroflow Urology,"3165 Sweeten Creek Rd,",NC ,Asheville,28803,Asheville,a@a.com,Not Using
1646608,Soleo Health Inc.Norcross,1600 Oakbrook Drive Suite 560 ,GA ,Norcross,30093,Atlanta-Sandy Springs-Roswell,a@a.com,Not Using
1646897,Tridentcare Imaging,930 Ridgebrook Rd,MD,Sparks Glencoe,21152,Baltimore-Columbia-Towson,a@a.com,Not Using
1646564,Independent Medical DME,"1201 3rd Ave N, ",AL ,Birmingham,35203,Birmingham-Hoover,a@a.com,Not Using
1629355,Adaptive Nursing and Home Healthcare-Bloomington,1815 S Walnut St ,IN ,Bloomington,47401,Bloomington,m.bundy@adaptivenursing.com,Not Using
1642040,Elder's Journey Home Care Bloomington,4334 E 3rd Street Suite 100 ,IN,Bloomington,47401,Bloomington,a@a.com,Not Using
1644761,Elite Home Healthcare LLC Bedford,"1009 14th Street , ",IN ,Bedford,47421,Bloomington,a@a.com,Not Using
1627370,Elara Caring - Newton,"320 Nevada Street Suite 201 , ",MA ,Newton,2460,Boston-Cambridge-Newton,a@a.com,Not Using
1641909,Lifeline Health Care of Warren,165 Natchez Trace Suite 206 ,ky ,Bowling green ,42103,Bowling Green,amie.ricard@lhcgroup.com,Not Using
1641014,Amedisys Home Health Care (2156)Bowling Green,1724 Rockingham Ave Suite 300 ,KY,Bowling Green,42104,Bowling Green,Devonna.huffman@amedisys.com,Not Using
1641428,Intrepid Bowling Green,"1820 Scottsville Road, STE 203 ",KY ,Bowling Green,42104,Bowling Green,a@a.com,Not Using
1648592,Centerwell Home Health Bowling Green,"1820 Scottsville Road, STE 203",KY,Bowling Green,42104,Bowling Green,a@a.com,Not Using
1649460,SHELDON'S EXPRESS PHARMACY,843 Fairview Ave,KY,Bowling Green,42101,Bowling Green,a@a.com,Not Using
1648707,The Medical Center at Bowling Green,250 Park Street ,KY ,Bowling Green,42101,Bowling Green,a@a.com,Not Using
1649252,RAINBOW HOME HEALTH,1027 US 31 BYPASS ,KY  ,BOWLING GREEN,42101,Bowling Green,a@a.com,Not Using
1647779,"Personal-Touch Home Care,INC Columbia, KY","801 Burkesville Street,",KY,Columbia,42728,Bowling Green Micropolitan Statistical Area,a@a.com,Not Using
1618491,Guardian Healthwise Home Health Care Madisonville,1608 East Main,TX,Madisonville,77864,Bryan-College Station,,Not Using
1647386,BlueCross BlueShield of Tennessee,1 Cameron Hill Circle,TN ,Chattanooga,37402,Chattanooga,a@a.com,Not Using
1649447,"Community Home Health Services - Munster, IN","901 Ridge Road, ",IN ,Munster,46321,Chicago-Naperville-Elgin,a@a.com,Not Using
1620949,Byram Healthcare-Grove,"3010 Woodcreek Drive, Suite A Downers , ",-,-,60515,Chicago-Naperville-Elgin,.,Not Using
1623744,Optum Rx,1600 McConnor Parkway ,IL ,Schaumburg,60173,Chicago-Naperville-Elgin,abc@abc.com,Not Using
1647617,Patients Choice Medical LLC,3601 Edison Pl ,IL ,Rolling Meadows,60008,Chicago-Naperville-Elgin,a@a.com,Not Using
1644949,American Mercy Home Care,"4000 Smith Rd suite 200,",OH ,Cincinnati,45209,Cincinnati,a@a.com,Not Using
1646495,Maxim Healthcare Services Inc - Clarksville,130 Afredo Drive,TN,Clarksville,37042,Clarksville,a@a.com,Not Using
1645729,TENNESSEE QUALITY CARE HOME HEALTH DOVER,322 Church Street           ,TN,Dover,37058,Clarksville,A@a.com,Not Using
1646762,Caretenders Cadiz KY,72 Lone Oak Drive ,KY ,Cadiz ,42211,Clarksville,a@a.com,Not Using
1624244,Apria Healthcare LLC-Clarksville,601 Kraft St Suites 106-107,TN,Clarksville,37040,Clarksville,abc@abc.com,Not Using
1643187,Guardian Homecare of Nashville DBA AccentCare Clarksville,2150 Wilma Rudolph Blvd Ste 6 ,TN ,Clarksville ,37040,Clarksville,a@a.com,Not Using
1646045,"Home Medical Products, Inc.ClarksvilleTN","951 Professional Park Dr,",TN ,Clarksville,37040,Clarksville,a@a.com,Not Using
1645756,Spring Creek Home Medical Supply,"216 Kraft St , ",TN ,Clarksville,37040,Clarksville,a@a.com,Not Using
1643970,Tennova Home Health-Clarksville,647 Dunlop Lane Ste 116,TN,Clarksville,37040,Clarksville,a@a.com,Not Using
1648908,ARCADIA SENIOR LIVING CLARKSVILLE,"175 Chesapeake Lane. ,  ",Tennessee,Clarksvillev,37040,Clarksville,a@a.com,Not Using
1645708,Select Physical Therapy Clarksville,"980 Professional Park Dr Suite D, ",TN ,Clarksville,37040,Clarksville,a@a.com,Not Using
1646451,Gateway Foot & Ankle Center of Clarksville,"647 Dunlop Ln Suite 209,",TN ,Clarksville,37040,Clarksville,a@a.com,Not Using
1646340,"Empowerme Clarksville, TN","1176 Warfield Blvd   , ",TN ,Clarksville,37043,Clarksville,a@a.com,Not Using
1645697,"Tennessee Quality Care, Clarksville","161 Hatcher Lane , ",TN ,Clarksville,37043,Clarksville,a@a.com,Not Using
1644415,SunCrest Home Health – Clarksville,"2292 Dalton Dr., Suite A, ",TN ,Clarksville ,37043,Clarksville,a@a.com,Not Using
1645962,LINCARE Clarksville,"311 Landrum Pl STE 500 A,",TN ,Clarksville,37043,Clarksville,a@a.com,Not Using
1643529,Amedisys Home Health Care (0546) Clarksville,"2690 Madison St. Suite 200 , ",TN,Clarksville,37043,Clarksville,a@a.com,Not Using
1646053,Hanger Clinic: Prosthetics & Orthotics Clarksville,"2295 Raleigh Ct Suite A, ",TN ,Clarksville,37043,Clarksville,a@a.com,Not Using
1647963,Neuhaus Foot & Ankle (formerly Schussler Footcare Centers,1762 Memorial Dr,Tn,"1762 Memorial Dr, Clarksville, TN 37043, United St",37043,Clarksville,A@s.com,Not Using
1646047,"Tennessee Quality Care, Paris,TN","2835 East Wood Street, Suite E , ",TN ,Paris,38242,Clarksville,a@a.com,Not Using
1646454,"Sunrise Community of Tennessee, Inc. Clarksville","229A Dunbar Cave Road, , ",TN ,Clarksville,37043,Clarksville,a@a.com,Not Using
1622147,Edgepark Medical Supplies,"1810 Summit Commerce Park,",OH,Twinsburg,44087,Cleveland-Elyria,a@a.com,Not Using
1644882,Aegis Group Practice also known as Aegis Therapies Macedonia,"9633 Valley View Rd , ",OH ,Macedonia,44056,Cleveland-Elyria,a@a.com,Not Using
1623180,Genesis Rehab services-Ohio,33200 Health Campus Blvd,OH,Avon,44011,Cleveland-Elyria,.,Not Using
1646944,UNUM,PO Box 100158 ,SC ,Columbia ,29202,Columbia,a@a.com,Not Using
1646285,All Heart Home Care Columbia,"2544 Nashville Highway , ",TN ,Columbia,38401,Columbia Micropolitan Statistical Area,a@a.com,Not Using
1645744,"Doc Supply Rehab Columbia, Tn","2002 S Main Street , ",Tn ,Columbia,38401,Columbia Micropolitan Statistical Area,a@a.com,Not Using
1645691,Maury Regional Home Services,"800 S James Campbell Blvd Suite 12, , ",TN ,Columbia,38401,Columbia Micropolitan Statistical Area,a@a.com,Not Using
1645965,NHC Homecare Columbia,223 E James Campbell Blvd,TN,Columbia,38401,Columbia Micropolitan Statistical Area,a@a.com,Not Using
1645693,"Tennessee Quality Care, Columbia ","1407 Hatcher Lane, Suite B , ",TN ,Columbia,38401,Columbia Micropolitan Statistical Area,a@a.com,Not Using
1646496,Maury Regional Health,1224 Trotwood Ave,TN,Columbia,38401,Columbia Micropolitan Statistical Area,a@a.com,Not Using
1645952,Medical Necessities and Services,"907 W James Campbell Blvd #4806, ",TN,Columbia,38401,Columbia Micropolitan Statistical Area,A@a.com,Not Using
1645911,Hospice Compassus- The Highland RIM Columbia,"1503 Hatcher Lane, Suite 200, ",TN ,Columbia,38401,Columbia Micropolitan Statistical Area,a@a.com,Not Using
1646138,Quality First Home Care Columbia,"500 S. James Campbell Blvd Suite A , ",TN ,Columbia,38401,Columbia Micropolitan Statistical Area,a@a.com,Not Using
1648427,ProTech Medical,"1100 Hatcher Ln, ",TN,Columbia,38401,Columbia Micropolitan Statistical Area,A@a.com,Not Using
1624741,AMERICAN NURSING CARE INC ,4550 MIDDLE RD SUITE C ,IN,COLUMBUS,47203,Columbus,abc@abc.com,Not Using
1631057,Summit Home Care Columbus,170 Taylor Station Rd ,OH,Columbus,43213,Columbus,tiffany.clark-wyatt@summit-ortho.com,Not Using
1626162,Adaptive Nursing and Home Healthcare-Columbus,"50 Washington Street, Suite 1b, ",-,-,47201,Columbus,a@a.com,Not Using
1642352,Interim HealthCare Columbus,3200 North National Road,IN,Columbus,47201,Columbus,a@a.com,Not Using
1628157,Our Hospice of South Central Indiana,"2626 17th St,",-,-,47201,Columbus,a@a.com,Not Using
1628558,Our Hospice of South Central Indiana,"2626 17th St, ",IN,Columbus,47201,Columbus,Kflinn@crh.org,Not Using
1625067,Intrepid Health Care Services-Columbus,"4635 Progress Drive Suite A , ",IN,Columbus,47201,Columbus,carrie.roberts@intrepidusa.com,Not Using
1641596,Help at Home Seymour,"1425 Corporate Way , ",IN ,Seymour,47274,Columbus,cfirth@helpathome.com,Not Using
1645947,Amedisys Home Health Care (0544)Cookeville,"1736 E Spring Street Suite E , ",TN ,Cookeville,38506,Cookeville Micropolitan Statistical Area,a@a.com,Not Using
1645680,All Care Plus DBA Quality Home Health Cookeville,"221 N Oak Ave, Ste A,",TN ,Cookeville,38501,Cookeville Micropolitan Statistical Area,a@a.com,Not Using
1648999,Just Breathe Oxygen & Medical Equipment,"802 E 10th St, , ",TN ,Cookeville,38501,Cookeville Micropolitan Statistical Area,a@a.com,Not Using
1645981,SunCrest Home Health Cookeville TN,1101 Neal Street Suite 102 ,TN ,Cookeville ,38501,Cookeville Micropolitan Statistical Area,a@a.cm,Not Using
1645758,Cookeville Regional Medical Center dba Cookeville Regional Home Health,"1101 Neal St. Suite 103 , ",TN ,Cookeville,38501,Cookeville Micropolitan Statistical Area,a@a.com,Not Using
1649319,Resp-I-Care Inc,"591 S Main St, ",TN ,Crossville,38555,Cookeville Micropolitan Statistical Area,a@a.com,Not Using
1619296,UniversalMed Supply,2049 W WALNUT HILL LN,TX,Irving,75038,Dallas-Fort Worth-Arlington,andrea.cisero@universalmedsupply.com,Not Using
1646460,CARE VIEW DIAGNOSTICS LLC,16990 DALLAS PKWY STE 101 ,TX  ,DALLAS,75248,Dallas-Fort Worth-Arlington,a@a.com,Not Using
1621139,Walgreens Family of Companies,PO Box 4000  ,Il ,Danville ,61834,Danville,.,Not Using
1623685,SPECIALTY MEDICAL EQUIPMENT INC.,52040 VAN DYKE AVE ,MI ,SHELBY TOWNSHIP,48316,Detroit-Warren-Flint,abc@abc.com,Not Using
1629085,The Care Team Farmington Hills,"30600 Northwestern Highway , ",MI ,Farmington Hills,48334,Detroit-Warren-Flint,jpepoy@careteammi.com,Order360 Lite
1645217,"Adoration Home Health – High Point, North Carolina","4135 Mendenhall Oaks Parkway Suite 150 , ",North Carolina ,High Point,27265,Greensboro-High Point,a@a.com,Not Using
1646684,Cornerstone Health Systems Hohenwald,17 north Maple Street ,TN ,Hohenwald ,38462,Hohenwald,a@a.com,Not Using
1628900,AJT DIABETIC,8500 Almeda Genoa, TX ,Houston,77075,Houston-The Woodlands-Sugar Land,a@a.com,Not Using
1644168,AccentCare Hospice & Palliative Care Houston,"8876 GULF FRWY STE 350,",TX ,HOUSTON,77017,Houston–The Woodlands–Sugar Land,a@a.com,Not Using
1627300,Heart to Heart Hospice of Indianapolis-Danville,"2611, Waterfront Parkway east drive, Suite # 200, - ",IN,-,46214,Indianapolis-Carmel-Anderson,a@a.com,Not Using
1627478,Aveanna Healthcare- IN,2626 WATERFRONT PARKWAY EAST DR SUITE 150 ,IN,Indianapolis,46214,Indianapolis-Carmel-Anderson,nikki.smith@epichealthservices.com,Not Using
1647364,Enlight Hospice,"5329 S Emerson Avenue, Suite C,",IN , Indianapolis,46237,Indianapolis-Carmel-Anderson,a@a.com,Not Using
1628269,Anew Home Care-Indianapolis,"3830 East Southport Road Suite 300 , ",IN ,Indianapolis,46237,Indianapolis-Carmel-Anderson,a@a.com,Not Using
1630202,Alpha Hospice DBA Anew Hospice,3830 E SOUTHPORT RD STE 300 ,IN ,INDIANAPOLIS,46237,Indianapolis-Carmel-Anderson,MelissaBurns@anewcare.com,Not Using
1647029,Allegiance Home Health Agency,"5150 E. Stop 11 Rd., Ste. 12",IN  ,Indianapolis,46237,Indianapolis-Carmel-Anderson,a@a.com,Not Using
1643343,Affinity Care of Indiana,"3935 Eagle Creek Parkway, Ste G, ",IN,Indianapolis,46254,Indianapolis-Carmel-Anderson,a@a.com,Not Using
1623433,LARRIS-IFY HOMECARE ,5445 Lafayette Rd,IN,Indianapolis,46254,Indianapolis-Carmel-Anderson,abc@abc.com,Not Using
1622755,"Help at Home LLC,-Indianapolis","6640 Parkdale Pl., Ste. K  ",IN,Indianapolis,46254,Indianapolis-Carmel-Anderson,a@a.com,Not Using
1623838,ALLIANCE HOME HEALTH SERVICES INC. -INDIANAPOLIS,9615 N COLLEGE AVE   ,IN,-,46280,Indianapolis-Carmel-Anderson,abc@abc.com,Not Using
1643172,CLOVER HOME HEALTH CARE,"9765 RANDALL DR. SUITE C, ",IN,Carmel,46280,Indianapolis-Carmel-Anderson,a@a.com,Not Using
1647069,"Quality Comfort Home Health Care, LLC",2201 E. 46th Street/ Suite 116,IN,Indianapolis,46205,Indianapolis-Carmel-Anderson,a@a.com,Not Using
1643802,A Passionate Helping Hand Home Health Care LLC,4701 N Keystone Ave #502 ,IN ,Indianapolis,46205,Indianapolis-Carmel-Anderson,a@a.com,Not Using
1622683,"Caregivers Inc, Indianapolis",3536 Washington Blvd ,IN ,Indianapolis ,46205,Indianapolis-Carmel-Anderson,a@a.com,Not Using
1625993,Maxim Healthcare Services-Indianapolis,6612 E 75th St. Suite 400,IN,Indianapolis,46250,Indianapolis-Carmel-Anderson,IndianapolisHH@maxhealth.com,Not Using
1628004,Traditions Health-Indianapolis,"7164 Graham Road Suite 150 , ",IN ,Indianapolis,46250,Indianapolis-Carmel-Anderson,a@a.com,Not Using
1644814,Ayur Home Health,"6525 E 82nd st, suite 103,",IN ,Indianapolis,46250,Indianapolis-Carmel-Anderson,a@a.com,Not Using
1623926,"LIFE'S TOUCH HOME HEALTH, INC.",7164 Graham Rd Suite 120,IN,Indianapolis,46250,Indianapolis-Carmel-Anderson,abc@abc.com,Not Using
1648563,Passionate Hands Home Health,"8250 Bash Street Suite 26, ",IN ,Indianapolis ,46250,Indianapolis-Carmel-Anderson,a@a.com,Not Using
1626147,Great Care Home Health,5511 East 82nd Street Suite C ,In ,Indianapolis ,46250,Indianapolis-Carmel-Anderson,a@a.com,Not Using
1635438,TeamSelect Home Care Indianapolis,"8335 Allison Pointe Trail, Suite 100 , ",IN ,Indianapolis,46250,Indianapolis-Carmel-Anderson,tturner@tshc.com,Not Using
1625264,The Masters Touch Home Care,7275 N. Shadeland Ave,IN,Indianapolis,46250,Indianapolis-Carmel-Anderson,dmoore@masterstouchhc.com,Not Using
1644735,Golden Care Home Health Services ,"3905 Vincennes Road , ",In ,Indianapolis,46268,Indianapolis-Carmel-Anderson,a@a.com,Not Using
1623155,St. Vincent Home Care-Indianapolis,8450 N PAYNE RD SUITE 200 ,IN,Indianapolis,46268,Indianapolis-Carmel-Anderson,a@a.com,Not Using
1623898,"Brookdale Hospice, Llc-Indianapolis",5354 W 62ND ST  ,IN,Indianapolis,46268,Indianapolis-Carmel-Anderson,abc@abc.com,Not Using
1626016,AM-PM HOMES HEALTH SERVICES LLC,-,IN,-,46268,Indianapolis-Carmel-Anderson,a@a.com,Not Using
1625261,Golden Heart Health Services Indianapolis,7770 MICHIGAN RD SUITE D ,IN,Indianapolis,46268,Indianapolis-Carmel-Anderson,dbrounson@indycaregivers.com,Not Using
1623103,Home Services Unlimited,7750 Michigan Road,IN,Indianapolis,46268,Indianapolis-Carmel-Anderson,tstallings@ekfmanagement.com,Not Using
1623696,BROOKDALE HOME HEALTH INDIANAPOLIS,8777 Purdue Rd. Suite 100,IN,Indianapolis,46268,Indianapolis-Carmel-Anderson,abc@abc.com,Not Using
1624544,JOY HEALTH SERVICES LLC,6214 MORENCI TRL ,IN,INDIANAPOLIS,46268,Indianapolis-Carmel-Anderson,contactjhs@joyhealthservices.com,Not Using
1638289,"UNION HOME HEALTH CARE SERVICES,LLC",6201 LA PAS TRIAL SUITE 120 ,IN,INDIANAPOLIS,46268,Indianapolis-Carmel-Anderson,a@a.com,Not Using
1628125,"FREEDOM HOSPICE, INC",7215 E 21ST ST SUITE A ,IN,Indianapolis,46219,Indianapolis-Carmel-Anderson,a@a.com,Not Using
1645175,"STAY AT HOME HEALTH, LLC","358 S EMERSON AV., ",IN,INDIANAPOLIS,46219,Indianapolis-Carmel-Anderson,A@a.com,Not Using
1624968,Heal at Home,1335 Sadlier Circle E Dr,IN,Select,46239,Indianapolis-Carmel-Anderson,a@a.com,Not Using
1622588,Acme Health Services Inc,"6302 Rucker Road, Suite J , ",IN,Indianapolis,46220,Indianapolis-Carmel-Anderson,vijay@acmehhc.com,Not Using
1648063,Choice 4 U Home Healthcare,6801 Lake plaza dr ste B206 ,indiana ,Indianapolis ,46220,Indianapolis-Carmel-Anderson,a@a.com,Not Using
1629115,First Priority Healthcare,"2555, 55th Pl",IN,Indianapolis,46220,Indianapolis-Carmel-Anderson,firstpriority317@yahoo.com,Not Using
1646298,Aging & Active Home Health,"1111 E 54th St Ste 170 , ",In ,Indianapolis,46220,Indianapolis-Carmel-Anderson,info@theagingacitve.com,Not Using
1646474,"Apple Tree Home Health Services, LLC",5257 N Tacoma Ave. Ste 4.,IN,Indianapolis,46220,Indianapolis-Carmel-Anderson,a@a.com,Not Using
1649215,SERVANT HOME HEALTH CARE,2346 S LYNHURST DR STE 606 ,IN ,INDIANAPOLIS,46241,Indianapolis-Carmel-Anderson,a@a.com,Not Using
1645407,Purpose Care,5455 Harrison Park Lane,IN,Indianapolis,46216,Indianapolis-Carmel-Anderson,a@a.com,Not Using
1623857,Vertical Home Health,9535 E 59th St,IN,Indianapolis,46216,Indianapolis-Carmel-Anderson,abc@abc.com,Not Using
1647127,GOOD HANDS HOME CARE LLC,5610 CRAWFORDSVILLE RD STE 102 ,IN ,INDIANAPOLIS ,46224,Indianapolis-Carmel-Anderson,a@a.com,Not Using
1623550,Kindred Hospice - Indianapolis,"5550 S East St, Ste A, ",IN,Indianapolis,46227,Indianapolis-Carmel-Anderson,abc@abc.com,Not Using
1644488,"Life's Journey of Avon, LLC","10241 E County Road 100 N, ",IN ,Indianapolis,46234,Indianapolis-Carmel-Anderson,a@a.com,Not Using
1623435,Heartland Hospice of Indianapolis,"931 E 86TH ST SUITE 208 , ",IN,-,46240,Indianapolis-Carmel-Anderson,officestaff9@hcr-manorcare.com,Not Using
1630261,BRIGHTON HOSPICE INDIANA LLC,280 E. 96th St. Suite 350 ,IN ,Indianapolis,46240,Indianapolis-Carmel-Anderson,abelcher@brightonhospice.com,Not Using
1624751,INDIANA HOME CARE SERVICES LLC/PREMIER HOMECARE OF IN,8455 Keystone Crossing,IN,Indianapolis,46240,Indianapolis-Carmel-Anderson,a@a.com,Not Using
1623488,TOGETHER HOMECARE OF INDIANAPOLIS LLC ,8395 KEYSTONE XING SUITE 314,IN,INDIANAPOLIS ,46240,Indianapolis-Carmel-Anderson,abc@abc.com,Not Using
1625201,"TRANSITIONS INDIANA, LLC",8435 N Keystone Crossing Blvd Ste 108,IN,Indianapolis,46240,Indianapolis-Carmel-Anderson,rcurcio@transitionshospice.com,Not Using
1628550,Your Healing Touch,"8801, North Meridan St#209,",-,-,46260,Indianapolis-Carmel-Anderson,rfurnish@yhtpsa.com,Not Using
1626139,ADVOCATES HOME HEALTH CARE LLC,"9135 N. MERIDIAN ST. SUITE B-4 , ",IN,Indianapolis,46260,Indianapolis-Carmel-Anderson,a@a.com,Not Using
1649148,Mercy Homecare and Health,"1 Jackson St, , ",IN,Anderson,46016,Indianapolis-Carmel-Anderson,a@a.com,Not Using
1627265,"Care Hospice Services, LLC",1119 Keystone Way Ste 108-A,IN,Indianapolis,46032,Indianapolis-Carmel-Anderson,info@carehospice.us,Not Using
1626141,ELITE HOME REHAB AND HEALTHCARE,"580 E CARMEL DR STE 208 , ",IN,CARMEL,46032,Indianapolis-Carmel-Anderson,a@a.com,Not Using
1641745,Ability Home Health ,4555 Northwestern Dr.,IN,Zionsville,46077,Indianapolis-Carmel-Anderson,kitra@abilityhomehealthservices.com,Not Using
1626027,St Frances Home Health VNS,1300 Albany street ,IN ,Beech Grove ,46107,Indianapolis-Carmel-Anderson,a@a.com,Not Using
1623897,Legacy Healthcare Services - Shelbyville,1473 E Mckay Rd,IN,Shelbyville,46176,Indianapolis-Carmel-Anderson,lhs-424@legacyinc.com,Not Using
1623187,IU Health Home Care,"950 North Meridian St,Suite 700 ,",IN ,Indianapolis,46202,Indianapolis-Carmel-Anderson,a@a.com,Not Using
1623790,Kindred Hospice-IN,9775 Crosspoint Boulevard,IN,Indianapolis,46256,Indianapolis-Carmel-Anderson,abc@abc.com,Not Using
1624939,"Paradigm Living Concepts, Llc-Hospice",7520 E 88TH PL SUITE 101 ,-,-,46256,Indianapolis-Carmel-Anderson,abc@abc.com,Not Using
1647016,"St. Croix Hospice Indianapolis, IN","6325 Digital Way, ",IN ,Indianapolis,46278,Indianapolis-Carmel-Anderson,a@a.com,Not Using
1645543,"Top Tier Home Health Services, LLC","8001 Traders Hollow Lane , ",IN ,Indianapolis,46278,Indianapolis-Carmel-Anderson,a@a.com,Not Using
1634639,"ADAPTIVE HOSPICE, INC.-JEFFERSONVILLE",6325 Digital Way,IN,Indianapolis,46278,Indianapolis-Carmel-Anderson,m.hill@adaptivehospice.com,Freemium
1624718,INTREPID USA HOSPICE - Indianapolis,6002 62nd Street,IN,Indianapolis,46278,Indianapolis-Carmel-Anderson,dana.nepsa@intrepidusa.com,Not Using
1622828,"Interim Healthcare, Indianapolis",373 Meridian Parke Lane Suite A-1,IN,Greenwood,46142,Indianapolis-Carmel-Anderson,.,Not Using
1622786,Lifestyles Home Care,"107 Federal Dr,",IN,Anderson,46017,Indianapolis-Carmel-Anderson,.,Not Using
1624696,Cj'S Homecare Inc.,523 W PLUM ST  ,IN,Select,46017,Indianapolis-Carmel-Anderson,abc@abc.com,Not Using
1622758,"Heaven Sent Home Care,LLC,",10484 North St. Rd 13 ,IN,Elwood,46036,Indianapolis-Carmel-Anderson,.,Not Using
1633851,LOVABILITY HOME HEALTH CARE LLC,"410 N. Monroe Street, Suite 19A ",IN ,Mooresville,46158,Indianapolis-Carmel-Anderson,lovabilityhhc@gmail.com,Freemium
1620681,Cornerstone Home Healthcare-Mooresville,5 E High St,IN,Mooresville,46158,Indianapolis-Carmel-Anderson,,Not Using
1622696,"Hoosier Homecare Services, LLC",614 E. 53rd Street,IN,Anderson,46013,Indianapolis-Carmel-Anderson, hoosierhomecare@sbcglobal.net,Not Using
1625166,CARE PLUS HOMEHEALTH CARE INC-Anderson,714 W 53RD ST,IN,Anderson,46013,Indianapolis-Carmel-Anderson,cmorrow@careplushomehealthcare.net,Not Using
1622583,Kmg Homecare Unlimited LLC,"307 E 38th St , ",IN ,Anderson,46013,Indianapolis-Carmel-Anderson,.,Not Using
1637560,"Independent Home Health Care, LLC","7813 Crossing Place, ",IN,Fishers,46038,Indianapolis-Carmel-Anderson,admin@independent.care,Not Using
1622785,Heritage Home Health-Martinsville,801 PLAZA DR Suite A ,-,-,46151,Indianapolis-Carmel-Anderson,.,Not Using
1623757,"COMMUNITY HOME HEALTH SERVICES, INC",9894 E 121ST ST ,IN,FISHERS,46037,Indianapolis-Carmel-Anderson,a@a.com,Not Using
1623404,"LEGACY HEALTHCARE SERVICES, INC-Camby",10799 Alliance Dr ,IN,-,46113,Indianapolis-Carmel-Anderson,abc@abc.com,Not Using
1623537,GOLDEN AGE HOME HEALTH LLC,5080 N. State Road 135  Suite F,IN,Bargersville,46143,Indianapolis-Carmel-Anderson,abc@abc.com,Not Using
1623659,TOGETHER HOMECARE OF GREENWOOD LLC,555 E COUNTY LINE RD SUITE 105,IN,GREENWOOD,46143,Indianapolis-Carmel-Anderson,acosgrove@togetherhomecare.com,Not Using
1626054,Kindred At Home-Greenwood,701 East County Line Road ,IN ,Greenwood,46143,Indianapolis-Carmel-Anderson,a@a.com,Not Using
1622699,Independence Home Health Llc Nineveh,7443 BEECH TREE RD  ,IN ,Nineveh,46164,Indianapolis-Carmel-Anderson,a@a.com,Not Using
1643790,"Luminary Hospice of Indiana, LLC",11708 N. College Ave. Ste. 175 ,IN ,Carmel,46032,Indianapolis-Carmel-Anderson,a@a.com,Not Using
1630990,Premier Home Health,11595 N Meridian,IN,Carmel,46032,Indianapolis-Carmel-Anderson,lois.kingery@premierhomehealthin.com,Not Using
1648919,Legacy Hospice Carmel IN,"1119 N. Keystone Way, Ste 101A, ",IN,Carmel,46032,Indianapolis-Carmel-Anderson,a@a.com,Not Using
1622822,1st Care Home Healthcare Services,"1119 Keystone Way N, Suite 108 B",IN,Carmel,46032,Indianapolis-Carmel-Anderson,losborne.1stcare@gmail.com,Not Using
1645914,Anchor Of Hope Hospice Indiana,"973 Keystone Way N , ",IN,Carmel,46032,Indianapolis-Carmel-Anderson,a@a.com,Not Using
1644764,Option Care Health Carmel,867 W Carmel Dr. ,IN,Carmel,46032,Indianapolis-Carmel-Anderson,a@a.com,Not Using
1630454,AseraCare Hospice-Carmel,"252 West Main Street , ",IN ,Carmel,46032,Indianapolis-Carmel-Anderson,Jennifer.Beran@aseracare.com,Not Using
1620678,ComForcare Home Health,"11555 North Meridian Street, Suite 100 , ",IN,Carmel,46032,Indianapolis-Carmel-Anderson,a@a.com,Order360 Lite
1622865,"Home Health Care Solutions, Inc.-Avon","5250 E US Hwy 36, Suite 710, ",Indiana ,Avon,46123,Indianapolis-Carmel-Anderson,a@a.com,Not Using
1620995,Intrepid Health care Services-Indianapolis,"5250 E US Hwy 36, Suite 1102A",IN,Avon,46123,Indianapolis-Carmel-Anderson,.,Not Using
1626135,Kindred Hospice-Avon,"6845 E. US Highway 36, Suite 550 , ",IN,Avon,46123,Indianapolis-Carmel-Anderson,a@a.com,Not Using
1626025,Centerwell Home Health Avon,5250 E Us Highway 36 ,IN ,Avon,46123,Indianapolis-Carmel-Anderson,a@a.com,Not Using
1641421,Intrepid Healthcare Services - Avon,5250 E. U.S. Highway 36,IN,Avon,46123,Indianapolis-Carmel-Anderson,a@a.com,Not Using
1626056,Touch of Love Home Health Care Inc.,6919 E 10th Street Suite B-2 ,-,-,46218,Indianapolis–Carmel–Anderson,touchoflovehcc1@aol.com,Not Using
1647738,Baptist Memorial Hospice,641 R.B. Wilson Drive Suite E ,TN ,Huntingdon ,38344,Jackson,a@a.com,Not Using
1648105,"Adoration Home Health – Martin,TN","135 Kennedy Drive  , ",TN,Martin,38237,Jackson,a@a.com,Not Using
1646348,"Tennessee Quality Care, Parsons",580 Tennessee Avenue N. ,TN ,Parsons,38363,Jackson,a@a.com,Not Using
1645745,"Doc Supply Rehab Jackson, TN","2192 Express Drive , ",TN ,Jackson,38305,Jackson,a@a.com,Not Using
1645725,"Tennessee Quality Care, Camden","128 Highway 641 N. , ",TN ,Camden,38320,Jackson,a@a.com,Not Using
1622937,Elara Caring - Jackson,900 Cooper St. ,MI ,Jackson ,49202,Jackson,kstump@greatlakescaring.com,Not Using
1646327,Amedisys Home Health Care (5536) Mountain City,109 Village Square Lane ,TN ,Mountain City,37683,Johnson City,a@a.com,Not Using
1623815,Advance Diabetic Supply Inc,7800 Foster St ,KS,overland park,66204,Kansas City,abc@abc.com,Not Using
1620062,Texas Home Health- Temple,"5701 Airport Road, POD M",TX ,Temple ,76502,Killeen-Temple-Fort Hood,dyantabalan@accentcare.com,Not Using
1648512,SUMMIT VIEW HEALTH SERVICES LLC,PO Box 23376 ,TN ,Knoxville ,37933,Knoxville,a@a.com,Not Using
1647415,NHC Home Care of Knoxville,"9050 Executive Park Dr #100B, ",TN ,Knoxville,37923,Knoxville,a@a.com,Not Using
1646937,ABCO Medical Supply,"348 Trane Dr,",TN ,Knoxville,37919,Knoxville,a@a.com,Not Using
1628021,Comfort Home Health-Kokomo,1815 South Plate St.,IN,Kokomo,46902,Kokomo,katie@chhindiana.com,Not Using
1626034,Elara Caring - Kokomo SHH,2751 Albright Rd.,Indiana ,Kokomo,46902,Kokomo,a@a.com,Not Using
1629436,"GUARDIAN ANGEL HOSPICE, INC.","513 W LINCOLN RD , ",IN,Kokomo,46902,Kokomo,lkovaleski@gahospice.com,Not Using
1646607,VIEMED ,"625 E. Kaliste Saloom Rd , ",LA ,Lafayette,70508,Lafayette,a@a.com,Not Using
1644918,PurposeCare – Lafayette,"3531 Crouch St, ",IN,Lafayette,47905,Lafayette-West Lafayette,a@a.com,Not Using
1645966,Help at Home Lafayette,938 Mezzanine Dr,IN,Lafayette,47905,Lafayette-West Lafayette,tmanderson@helpathome.com,Not Using
1626033,Physicians Homecare,"210 Professional Court, ",IN,Lafayette,47905,Lafayette-West Lafayette,nicolenesius@physicianshomecare.com,Not Using
1625152,PHYSIOCARE HOME HEALTHCARE LLC,625 S EARL AVE SUITE D,IN ,LAFAYETTE,47904,Lafayette-West Lafayette,a@a.com,Not Using
1646432,NHC HomeCare Lawrenceburg,399 Tripp Road ,TN ,Lawrenceburg ,38464,Lawrenceburg,a@a.com,Not Using
1646593,LINCARE LAWRENCEBURG,714 N Military Ave #107,TN ,Lawrenceburg,38464,Lawrenceburg,a@a.com,Not Using
1645742,Quality First Home Care- Lawrenceburg,106 N Locust Ave,TN,Lawrenceburg,38464,Lawrenceburg,a@a.com,Not Using
1647361,VOLUNTEER HOME CARE OF WEST TN Waynesboro,"313 South Main Street  , ",TN ,Waynesboro,38485,Lawrenceburg Micropolitan Statistical Area,a@a.com,Not Using
1628363,Commonwealth Home Health-Lexington,"1056 Wellington Way Suite 130 , ",KY ,Lexington,40513,Lexington-Fayette,a@a.com,Not Using
1646139,Medtronic Beth,18000 DEVONSHIRE ST ATTN: LEGAL DEPT.,CA,Northridge,91325,Los Angeles-Long Beach-Anaheim,a@a.com,Not Using
1622855,Adaptive Nursing and Home Healthcare-JEFFERSONVILLE,702 N SHORE DR SUITE 103 ,IN ,JEFFERSONVILLE ,47130,Louisville/Jefferson County,a@a.com,Not Using
1648890,"Edwards Health Care Services Louisville,KY","9400 Williamsburg Plz Ste 210, ",KY ,Louisville,40223,Louisville/Jefferson County,a@a.com,Not Using
1623393,Life Medical Supply LLC,2509 Buddy owens TX ,TX,Mcallen ,78504,McAllen-Edinburg-Mission,abc@abc.com,Not Using
1646111,Buckeye Home Medical Equipment,"632 N Chancery St, , ",TN ,McMinnville,37110,McMinnville Micropolitan Statistical Area,a@a.com,Not Using
1649191,Option Care Memphis,1680 Century Center Pkwy #9  ,TN ,Memphis,36134,Memphis,a@a.com,Not Using
1632589,"USA HOME HEALTH SERVICES, INC",5300 W ATLANTIC AVE STE 300 ,FL ,DELRAY BEACH,33484,Miami-Fort Lauderdale-Pompano Beach,a@a.com,Freemium
1622034,US MED ,"8260 NW 27th Street, #401 , ",FL ,Doral,33122,Miami-Fort Lauderdale-Pompano Beach,.,Not Using
1637315,All About You Home Health Agency,370 W Camino Gardens Blvd Ste 118  ,FL,Boca Raton,33432,Miami-Fort Lauderdale-Pompano Beach,faye@trustusahomehealth.com,Not Using
1631675,Elite Home Health Services-Boca Raton,"101 Plaza Real South, Suite 213 ",Florida ,Boca Raton,33432,Miami-Fort Lauderdale-Pompano Beach,a@a.com,Freemium
1646573,Virtuox,5850 Coral Ridge Drive,FL,Coral Springs,33076,Miami-Fort Lauderdale-Pompano Beach,a@a.com,Not Using
1649276,Anodyne LLC,"5050 S 2nd St,",WI ,Milwaukeev,53207,Milwaukee-Waukesha-West Allis,a@a.com,Not Using
1649439,"Prime Therapeutics, LLC","2900 Ames Crossing Road Suite 200 , ",MN ,Eagan,55121,Minneapolis-St. Paul-Bloomington,a@a.com,Not Using
1647365,Amedisys Home Health Care (1007) Foley AL,200 W. Laurel Avenue Suite 210 ,AL ,Foley,36535,Mobile,a@a.com,Not Using
Agency Id,Agency Name,Address,State,City,Zipcode,MSA,Email,Agency Type
1623060,Individual Support Home Health ,1006 West Mill ,IN,Middletown,47356,Muncie,.,Not Using
1623434,Kindred at Home-Muncie,400 N HIGH ST SUITE 202 ,IN,Muncie,47305,Muncie Micropolitan Statistical Area,abc@abc.com,Not Using
1643590,Amedisys Home Health Care (0551)Goodlettsville,900 Conference Drive,TN,Goodlettsville,37072,Nashville-Davidson–Murfreesboro–Franklin,a@a.com,Not Using
1646108,STAR Physical Therapy Goodlettsville,"842 Conference Dr #1a,",TN ,Goodlettsville,37072,Nashville-Davidson–Murfreesboro–Franklin,a@a.com,Not Using
1649225,Charter Senior Living of White House,"464 Sage Rd, ",TN ,White House,37188,Nashville-Davidson–Murfreesboro–Franklin,a@a.com,Not Using
1648762,STAR PT (white House),491sage Road North Suite 1000 ,TN ,White House ,37188,Nashville-Davidson–Murfreesboro–Franklin,a@a.com,Not Using
1646917,Rotech Healthcare Inc-Nashville,3630 Trousdale Dr Ste H ,TN ,Nashville,37204,Nashville-Davidson–Murfreesboro–Franklin,a@a.com,Not Using
1647456,Developmental Services of Dickson County,"115 Luther Rd,",TN ,Dickson,37055,Nashville-Davidson–Murfreesboro–Franklin,a@a.com,Not Using
1643603,Home Care Solutions Dickson,"762 Hwy 46 S, ",TN ,Dickson,37055,Nashville-Davidson–Murfreesboro–Franklin,Dena.Sanker@lhcgroup.com,Not Using
1645741,Amedisys Home Health - Dickson,437 Henslee Drive,TN,Dickson,37055,Nashville-Davidson–Murfreesboro–Franklin,a@a.com,Not Using
1643186,Guardian Homecare of Nashville DBA AccentCare Dickson,407 Henslee Dr. Bldg. A,TN ,Dickson,37055,Nashville-Davidson–Murfreesboro–Franklin,a@a.com,Not Using
1648426,Home Medical Products Dickson TN,"760 TN-46,",TN, Dickson,37055,Nashville-Davidson–Murfreesboro–Franklin,A@A.com,Not Using
1645709,Results Physiotherapy Dickson,"210 Creekside Dr, ",TN ,Dickson,37055,Nashville-Davidson–Murfreesboro–Franklin,a@a.com,Not Using
1645692,"NHC HomeCare, Dickson",305 HIGHWAY 70 E,TN,Select,37055,Nashville-Davidson–Murfreesboro–Franklin,a@a.com,Not Using
1645752,Aveanna Home Health – Hendersonville TN,"131 Saundersville Road, 340 A ",TN ,Hendersonville,37075,Nashville-Davidson–Murfreesboro–Franklin,a@a.com,Not Using
1646067,Aveanna Hospice – Hendersonville TN,"131 Saundersville Road, 340 A , ",TN ,Hendersonville,37075,Nashville-Davidson–Murfreesboro–Franklin,a@a.com,Not Using
1645670,"Rehab Without Walls Hendersonville, TN","131 Saundersville Rd, Ste 160, ",TN ,Hendersonville,37075,Nashville-Davidson–Murfreesboro–Franklin,a@a.com,Not Using
1643434,NHC Hendersonville Homecare,"103 Hazel Path Ct. Suite 7 , ",TN ,Hendersonville,37075,Nashville-Davidson–Murfreesboro–Franklin,a@a.com,Not Using
1646565,Select Physical Therapy - Hendersonville,1050 Glenbrook Way,TN,Hendersonville,37075,Nashville-Davidson–Murfreesboro–Franklin,a@a.com,Not Using
1645751,"Adoration Home Health – Madison, TN","1210 Briarville Road Suite B, Building D , ",Tennessee ,Madison,37115,Nashville-Davidson–Murfreesboro–Franklin,a@a.com,Not Using
1647589,"Adoration Home Health – Pleasant View, TN",244 Village Square  Suite 200  ,Tennessee ,Pleasant View,37146,Nashville-Davidson–Murfreesboro–Franklin,a@a.com,Not Using
1648261,"Adoration Home Health – Smithville, TN","516 W Main Street Suite A , ",Tennessee ,Smithville,37166,Nashville-Davidson–Murfreesboro–Franklin,a@a.com,Not Using
1646106,SunCrest Home Health Smithville TN,117C East Bryant Street ,TN ,Smithville ,37166,Nashville-Davidson–Murfreesboro–Franklin,a@a.com,Not Using
1643352,Lifeline Home Health Care Springfield,"2109 Park Plaza, Suite 200", TN ,Springfield,37172,Nashville-Davidson–Murfreesboro–Franklin,a@a.com,Not Using
1646131,Aveanna Hospice – Springfield,"471 Northcrest Drive , ",TN ,Springfield,37172,Nashville-Davidson–Murfreesboro–Franklin,a@a.com,Not Using
1643376,NHC HomeCare Springfield,"101 D Mooreland Drive , ",TN,Springfield,37172,Nashville-Davidson–Murfreesboro–Franklin,a@a.com,Not Using
1644162,Deaconess Homecare Juliet, 1010 Pleasant Grove Place,Mount Juliet,-,37122,Nashville-Davidson–Murfreesboro–Franklin,a@a.com,Not Using
1648929,"Nicholson Therapies, Inc.",1303 Camelot Bay  ,Tennessee,Mt. Juliet,37122,Nashville-Davidson–Murfreesboro–Franklin,a@a.com,Not Using
1646245,Legacy Healthcare Rehab Rutland Place Senior Living,"435 NW Rutland Rd,",TN ," Mt. Juliet,",37122,Nashville-Davidson–Murfreesboro–Franklin,a@a.com,Not Using
1648708,MANOR RESPIRATORY CARE,"190 EAST DIVISION ST, ",TN,"MT JULIET,",37122,Nashville-Davidson–Murfreesboro–Franklin,a@a.com,Not Using
1645978,"Results Physiotherapy Mount Juliet, Tennessee - Specialty Rehab","108 Providence Trail, Mt. , ",TN ,Juliet,37122,Nashville-Davidson–Murfreesboro–Franklin,a@a.com,Not Using
1645989,"STAR Physical Therapy - Mt. Juliet, TN","11213 Lebanon Road , ",TN ,Mt. Juliet,37122,Nashville-Davidson–Murfreesboro–Franklin,a@a.com,Not Using
1644039,All Heart Home Care Murfreesboro,"410 New Salem Highway Suite 100 , ",TN ,Murfreesboro,37129,Nashville-Davidson–Murfreesboro–Franklin,a@a.com,Not Using
1644755,Enhabit Home Health Murfreesboro,"1535 W Northfield Blvd , ",TN,Murfreesboro,37129,Nashville-Davidson–Murfreesboro–Franklin,a@a.com,Not Using
1648564,Sumner Regional Medical Center,225 Big Station Camp Blvd ste 208 ,TN ,Gallatin ,37066,Nashville-Davidson–Murfreesboro–Franklin,a@a.com,Not Using
1645750,HighPoint Homecare Gallatin TN,300 Steam Plant Road Suite 220 ,TN ,Gallatin ,37066,Nashville-Davidson–Murfreesboro–Franklin,a@a.com,Not Using
1645967,Suncrest Home Health - Gallatin,600 West Nashville Pike,TN,Gallatin,37066,Nashville-Davidson–Murfreesboro–Franklin,a@a.com,Not Using
1643564,Guardian Hospice of Nashville DBA AccentCare Franklin,"741 Cool Springs Blvd, Suite 102                  ",TN ,Franklin,37067,Nashville-Davidson–Murfreesboro–Franklin,a@a.com,Not Using
1646079,Optum Infusion Pharmacy and infusion suite Franklin,"1893 General George Patton Drive Suite 100 , ",TN ,Franklin,37067,Nashville-Davidson–Murfreesboro–Franklin,a@a.com,Not Using
1646569,Results Physiotherapy - Franklin,101 International Dr,TN,Franklin,37067,Nashville-Davidson–Murfreesboro–Franklin,a@a.com,Not Using
1644784,TENNESSEE QUALITY CARE HOME HEALTH FRANKLIN,"201 JORDAN ROAD  , ",TN ,FRANKLIN,37067,Nashville-Davidson–Murfreesboro–Franklin,a@a.com,Not Using
1646869,Charter Senior Living Of Franklin,"105 Sunrise Circle , ",Tennessee ,Franklin,37067,Nashville-Davidson–Murfreesboro–Franklin,a@a.com,Not Using
1643185,Guardian Homecare of Nashville DBA AccentCare Franklin,"741 Cool Springs Blvd Ste 110 , ",TN,Franklin,37067,Nashville-Davidson–Murfreesboro–Franklin,a@a.com,Not Using
1645695,"Numotion Nashville, TN",161 F Bain Drive ,TN ,"LaVergne, ",37086,Nashville-Davidson–Murfreesboro–Franklin,a@a.com,Not Using
1646050,NHC HomeCare Lewisburg,"493 Cornersville Rd,",TN ,Lewisburg,37091,Nashville-Davidson–Murfreesboro–Franklin,a@a.com,Not Using
1646339,Rehab Without Walls - Murfreesboro,"2892 S Church St A,",TN ,Murfreesboro,37127,Nashville-Davidson–Murfreesboro–Franklin,a@a.com,Not Using
1646107,R T Medical LLC,"1241 Robinson Rd, ",TN ,Old Hickory,37138,Nashville-Davidson–Murfreesboro–Franklin,a@a.com,Not Using
1647355,"Advanced Foot & Ankle Care Centers: Podiatrist Nashville, TN","397 Wallace Rd Building C, Suite 411",TN ,Nashville,37211,Nashville-Davidson–Murfreesboro–Franklin,a@a.com,Not Using
1645937,"Oxygen & Sleep Associates, Inc. (AeroCare)","601 Grassmere Park Suite 14,",TN ,Nashville,37211,Nashville-Davidson–Murfreesboro–Franklin,a@a.com,Not Using
1646143,Advanced Physical Therapy & Rehab,"392 Harding Pl STE 103,",TN ,Nashville,37211,Nashville-Davidson–Murfreesboro–Franklin,a@a.com,Not Using
1647701,STAR PT NASHVILLE,5431 Edmondson pike,TN,Nashville,37211,Nashville-Davidson–Murfreesboro–Franklin,a@a.com,Not Using
1645954,Somerby Franklin,"870 Oak Meadow Dr, ",TN ,Franklin,37064,Nashville-Davidson–Murfreesboro–Franklin,a@a.com,Not Using
1646765,Compression Care,123 SE Parkway Ct Ste 110 ,TN ,FRANKLIN ,37064,Nashville-Davidson–Murfreesboro–Franklin,hello@compressioncare.com,Not Using
1645915,Aveanna Hospice- Franklin,"235 Noah Drive Suite 300, ",TN ,Franklin,37064,Nashville-Davidson–Murfreesboro–Franklin,a@a.com,Not Using
1647385,Morning Pointe of Franklin - TN,"1005 Generations Way ,  ",TN,Franklin,37064,Nashville-Davidson–Murfreesboro–Franklin,a@a.com,Not Using
1649441,TriStar Summit Medical Center,"5655 Frist Blvd, ",TN ,Hermitage,37076,Nashville-Davidson–Murfreesboro–Franklin,a@a.com,Not Using
1646017,"STAR Physical Therapy -Hermitage, TN","919 Lebanon Pike , ",TN ,Hermitage,37076,Nashville-Davidson–Murfreesboro–Franklin,a@a.com,Not Using
1649142,3M,"9019 Overlook Blvd. Ste C1-B,",TN,Brentwood,37027,Nashville-Davidson–Murfreesboro–Franklin,a@a.com,Not Using
1645917,"Maxim Healthcare Nashville, TN",115 East Park Dr. Suite 200,TN ,Brentwood,37027,Nashville-Davidson–Murfreesboro–Franklin,a@a.com,Not Using
1648997,Cloverland Park Senior Living," 6030 Cloverland Dr, , ",TN ,Brentwood,37027,Nashville-Davidson–Murfreesboro–Franklin,a@a.com,Not Using
1646091,Performance Therapy Institute - Brentwood,1624 Westgate Cir,TN,Brentwood,37027,Nashville-Davidson–Murfreesboro–Franklin,a@a.com,Not Using
1649509,"Somatus Inc.,","9019 Overlook Blvd. Ste C1-B,",TN,Brentwood,37027,Nashville-Davidson–Murfreesboro–Franklin,a@a.com,Not Using
1646018,Morning Pointe of Brentwood Assisted Living,"1522 Wilson Pike, ",TN ,Brentwood,37027,Nashville-Davidson–Murfreesboro–Franklin,a@a.com,Not Using
1646188,Healthpro Heritage Rehab and Fitness LLC,1522 Wilson Pike,TN ,Brentwood,37027,Nashville-Davidson–Murfreesboro–Franklin,a@a.com,Not Using
1646566,Maxim Healthcare Services Inc - Brentwood,115 East Park Drive,TN,Brentwood,37027,Nashville-Davidson–Murfreesboro–Franklin,a@a.com,Not Using
1649364,CVS caremark,"9019 Overlook Blvd. Ste C1-B,",TN,Brentwood,37027,Nashville-Davidson–Murfreesboro–Franklin,a@a.com,Not Using
1646571,United Healthcare Community plan,10 Cadillac Drive,TN,BRENTWOOD,37027,Nashville-Davidson–Murfreesboro–Franklin,a@a.com,Not Using
1643588,Amedisys Home Health Care (0535)Brentwood,783 Old Hickory Blvd Suite 300 ,TN ,Brentwood,37027,Nashville-Davidson–Murfreesboro–Franklin,a@a.com,Not Using
1649168,Incall Medical Supplies,"9019 Overlook Blvd. Ste C1-B,",TN,Brentwood,37027,Nashville-Davidson–Murfreesboro–Franklin,a@a.com,Not Using
1649449,iris medical group,"9019 Overlook Blvd. Ste C1-B,",TN,Brentwood,37027,Nashville-Davidson–Murfreesboro–Franklin,a@a.com,Not Using
1647461,ELITE MEDICAL SUPPLIES,"9019 Overlook Blvd. Ste C1-B, ",TN ,Brentwood ,37027,Nashville-Davidson–Murfreesboro–Franklin,a@a.com,Not Using
1646442,"Adoration Home Health – Brentwood, Tennessee","750 Old Hickory Boulevard Suite 1-210 , ",Tennessee ,Brentwood,37027,Nashville-Davidson–Murfreesboro–Franklin,a@a.com,Not Using
1649510,Prudential,"9019 Overlook Blvd. Ste C1-B,",TN,Brentwood,37027,Nashville-Davidson–Murfreesboro–Franklin,a@a.com,Not Using
1644798,Amedisys Home Health Care (0507)Lebanon,100 Physicians Way Suite 240 ,TN ,Lebanon,37090,Nashville-Davidson–Murfreesboro–Franklin,a@a.com,Not Using
1645905,Aveanna Home Health – Murfreesboro,"750 S. Church Street, Bldg B/Suite A ",TN,Murfreesboro,37130,Nashville-Davidson–Murfreesboro–Franklin,a@a.com,Not Using
1645990,"Adoration Home Health – Shelbyville, TN",312 S Cannon Boulevard,Tennessee ,Shelbyville,37160,Nashville-Davidson–Murfreesboro–Franklin,a@a.com,Not Using
1645998,National Seating & Mobility-Nashville,"1610 Elm Hill Pike Suite A, ",TN ,Nashville,37210,Nashville-Davidson–Murfreesboro–Franklin,a@a.com,Not Using
1645568,"Rehab Medical Nashville,TN"," 1106 Elm Hill Pike Ste 120,",TN,Nashville,37210,Nashville-Davidson–Murfreesboro–Franklin,a@a.com,Not Using
1645727,Ascension at Home St Thomas,"402 BNA Drive Building 100 Suite 320 , ",TN ,Nashville,37217,Nashville-Davidson–Murfreesboro–Franklin,a@a.com,Not Using
1644873,HomeFirst Home Health Nashville,1101 Kermit Drive Suite 202 ,TN ,Nashville ,37217,Nashville-Davidson–Murfreesboro–Franklin,a@a.com,Order360 Lite
1644133,ALL HEART HOME CARE NASHVILLE,2 International Plaza Suite 901 ,TN ,Nashville ,37217,Nashville-Davidson–Murfreesboro–Franklin,a@a.com,Not Using
1643647,CenterWell Home Health Nashville,1321 Murfreesboro Pike STE512 ,TN ,Nashville ,37217,Nashville-Davidson–Murfreesboro–Franklin,a@a.com,Not Using
1643545,Home Care Solutions Nashville,"1100 Kermit Dr Suite 210 , ",TN ,Nashville,37217,Nashville-Davidson–Murfreesboro–Franklin,a@a.com,Not Using
1647417,"STAR Physical Therapy Springfield,TN","2006 Memorial Blvd Unit 104, ",TN ,Springfield,37172,Nashville-Davidson–Murfreesboro–Franklin,a@a.com,Not Using
1646057,Tristar NorthCrest Medical Center,"100 Northcrest Dr, ",TN,Springfield,37172,Nashville-Davidson–Murfreesboro–Franklin,A@a.com,Not Using
1646933,The Arbors at Springfield Heights,"2540 South Main St , ",TN ,Springfield,37172,Nashville-Davidson–Murfreesboro–Franklin,a@a.com,Not Using
1645016,Amedisys Home Health Care (5555) Spring Hill,220 Town Center Parkway Suite 201 ,TN ,Spring Hill,37174,Nashville-Davidson–Murfreesboro–Franklin,a@a.com,Not Using
1645534,Adoration Home Health Spring Hill,"5226 Main St., Suite D-5, ",TN ,Spring Hill,37174,Nashville-Davidson–Murfreesboro–Franklin,a@a.com,Not Using
1645593,Home Care Solutions Spring Hill,220 Towncenter Parkway,TN,Spring hill,37174,Nashville-Davidson–Murfreesboro–Franklin,a@a.com,Not Using
1646332,Adoration Home Health Waverly,312 west main street ,TN ,Waverly ,37185,Nashville-Davidson–Murfreesboro–Franklin,A@a.com,Not Using
1645696,Ageility at Morningside of Belmont,1710 MAGNOLIA BOULEVARD ,TN  ,NASHVILLE,37212,Nashville-Davidson–Murfreesboro–Franklin,a@a.com,Not Using
1643209,Vanderbilt Home Care Services,2120 Belcourt Avenue ,TN ,Nashville ,37212,Nashville-Davidson–Murfreesboro–Franklin,a@a.com,Not Using
1646274,Brookdale Green Hills,15 Burton Hills Blvd,TN,Nashville,37215,Nashville-Davidson–Murfreesboro–Franklin,a@a.com,Not Using
1645699,MIDDLE TENNESSEE ORTHOTICS & PROSTHETICS,1411 MARK ALLEN LANE STE C ,TN,Murfreesboro,37129,Nashville-Davidson–Murfreesboro–Franklin,a@a.com,Not Using
1643432,NHC Homecare Murfreesboro,"1923 Memorial Blvd, ",TN ,Murfreesboro,37129,Nashville-Davidson–Murfreesboro–Franklin,a@a.com,Not Using
1642923,Amedisys Home Health Care (0536)Murfreesboro,"1809 Ward Drive ,",TN,Murfreesboro,37129,Nashville-Davidson–Murfreesboro–Franklin,a@a.com,Not Using
1645731,Suncrest Home Health - Murfreesboro,215 Castlewood Drive,TN,Murfreesboro,37129,Nashville-Davidson–Murfreesboro–Franklin,a@a.com,Not Using
1648737,"Centerwell Home Health Murfreesboro, TN","222 Heritage Park Dr , ",TN ,Murfreesboro,37129,Nashville-Davidson–Murfreesboro–Franklin,a@a.com,Not Using
1646465,MZ Custom Fit ,-,NC,-,37129,Nashville-Davidson–Murfreesboro–Franklin,A@A.com,Not Using
1647659,Results Physiotherapy Murfreesboro,1203 Memorial Blvd,TN,Murfreesboro,37129,Nashville-Davidson–Murfreesboro–Franklin,a@a.com,Not Using
1624254,Apria Healthcare LLC-Murfreesboro,226 W Castle St,TN,Murfreesboro,37129,Nashville-Davidson–Murfreesboro–Franklin,abc@abc.com,Not Using
1643058,Adoration Home Health Murfreesboro,1450 Battleground Dr,TN,-,37129,Nashville-Davidson–Murfreesboro–Franklin,a@a.com,Not Using
1645528,Aveanna Home Health Franklin,"235 Noah Dr. Suite 300 , ",TN ,Franklin,38451,Nashville-Davidson–Murfreesboro–Franklin,a@a.com,Not Using
1646662,Charter Senior Living of Hermitage,"4131 Andrew Jackson Pkwy,",TN ,Hermitage,37076,Nashville-Davidson–Murfreesboro–Franklin,a@a.com,Not Using
1646676,TriStar Stonecrest,300 StoneCrest Boulevard STE 150,TN ,Smyrna,37167,Nashville-Davidson–Murfreesboro–Franklin,a@a.com,Not Using
1647078,"Reliable Medical- Nashville, TN",871 Seven Oaks Blvd #250,TN ,Smyrna,37167,Nashville-Davidson–Murfreesboro–Franklin,a@a.com,Not Using
1645749,Centerwell Home Health -Smyrna TN,697 president place 303B ,TN,Smyrna ,37167,Nashville-Davidson–Murfreesboro–Franklin,a@a.com,Not Using
1644711,Amedisys Home Health Smyrna,537 Stonecrest pkwy suite 109 ,TN,Smyrna,37167,Nashville-Davidson–Murfreesboro–Franklin,a@a.com,Not Using
1649234,Whites Creek Wellness & Rehabilitation Center,"3425 Knight Dr, ",TN ,Whites Creek,37189,Nashville-Davidson–Murfreesboro–Franklin,a@a.com,Not Using
1646558,Results Physiotherapy Nashville TN,1000 chruch street ,TN ,Nashville ,37203,Nashville-Davidson–Murfreesboro–Franklin,a@a.com,Not Using
1647071,Continuum Rx of Central TN,1910 Church St #100,TN ,Nashville,37203,Nashville-Davidson–Murfreesboro–Franklin,a@a.com,Not Using
1646088,Hanger Clinic: Prosthetics & Orthotics Nashville,"2004 Hayes St Suite 250,",TN ,Nashville,37203,Nashville-Davidson–Murfreesboro–Franklin,a@a.com,Not Using
1646089,Williams Medical Supply,"1501 Church St, ",TN ,Nashville,37203,Nashville-Davidson–Murfreesboro–Franklin,a@a.com,Not Using
1644583,TriStar Healthcare at Home (HCA Healthcare),"310 25th Ave N Ste 303, , ",TN ,Nashville,37203,Nashville-Davidson–Murfreesboro–Franklin,a@a.com,Not Using
1649259,Tennessee Brace and Medical Services LLC,118 Shelbyville Hwy ,TN ,Fayetteville ,37334,Nashville-Davidson–Murfreesboro–Franklin,a@a.com,Not Using
1647384,Deaconess HomeCare Fayetteville TN,1820 Huntsville Highway Suite A ,TN ,Fayetteville ,37334,Nashville-Davidson–Murfreesboro–Franklin,a@a.com,Not Using
1647065,"Amedisys Home Health Care Livingston,TN(0523)","508 W. Main Street , ",TN ,Livingston,38570,Nashville-Davidson–Murfreesboro–Franklin,a@a.com,Not Using
1643784,SunCrest Home Health Nashville,3443 Dickerson Pike,TN,Nashville,37207,Nashville-Davidson–Murfreesboro–Franklin,a@a.com,Not Using
1645940,"Amerita, Inc. Nashville","217 West Maplewood Lane , ",TN ,Nashville,37207,Nashville-Davidson–Murfreesboro–Franklin,a@a.com,Not Using
1647077,Trousdale Senior Living Center,"263 W McMurry Blvd,",TN ,Hartsville,37074,Nashville-Davidson–Murfreesboro–Franklin,a@a.com,Not Using
1644383,"CenterWell Home Health Lebanon,TN","115 Winwood Drive, Suite 101",TN,Lebanon,37087,Nashville-Davidson–Murfreesboro–Franklin,a@a.com,Not Using
1645694,"Adoration Home Health – Lebanon, Tennessee",1424 Baddour Parkway Suite E ,Tennessee ,Lebanon,37087,Nashville-Davidson–Murfreesboro–Franklin,a@a.com,Not Using
1646019,"Tennessee Quality Care, Lebanon","95 Signature Place , ",TN ,Lebanon,37087,Nashville-Davidson–Murfreesboro–Franklin,a@a.com,Not Using
1646592,"Hometown Respiratory Consultants, Inc","513 W Baddour Pkwy,",TN ,Lebanon,37087,Nashville-Davidson–Murfreesboro–Franklin,a@a.com,Not Using
1645254,SunCrest Home Health Lebanon,"115 Winwood Drive, Suite 210 ",TN ,Lebanon,37087,Nashville-Davidson–Murfreesboro–Franklin,a@a.com,Not Using
1646012,Advanced Health Care of Nashville,"627 19th Avenue North,",Tennessee ,Nashville,37206,Nashville-Davidson–Murfreesboro–Franklin,a@a.com,Not Using
1645921,Bulow Orthotic and prosthetic solutions Charlotte Nashville,"6736 Charlotte Pike, Suite 101 , ",TN ,Nashville,37209,Nashville-Davidson–Murfreesboro–Franklin,a@a.com,Not Using
1646858,Bradley Health services,"5206 Charlotte Pike , ",TN ,Nashville,37209,Nashville-Davidson–Murfreesboro–Franklin,a@a.com,Not Using
1624255,Apria Healthcare LLC-Nashville,245 Ellery Court,TN,Nashville,37214,Nashville-Davidson–Murfreesboro–Franklin,abc@abc.com,Not Using
1645242,ENHABIT HOME HEALTH AND HOSPICE NASHVILLE,"828 ROYAL PKWY , ",TN ,NASHVILLE,37214,Nashville-Davidson–Murfreesboro–Franklin,a@a.com,Not Using
1643456,Amedisys Home Health Nashville 0506,"2601 Elm Hill Pike Suite A , ",TN,Nashville,37214,Nashville-Davidson–Murfreesboro–Franklin,a@a.com,Not Using
1646262,LINCARE NASHVILLE(United Medical),740 FREELAND STATION RD ,TN ,NASHVILLE,37228,Nashville-Davidson–Murfreesboro–Franklin,a@a.com,Not Using
1647633,"Adoration Home Health - Nashville, TN ","545 mainstream drive, suite 411; ",TN ,nashville,37228,Nashville-Davidson–Murfreesboro–Franklin,a@a.com,Not Using
1620924,Byram Healthcare-White Plains ,120 Bloomingdale Road ,NY ,White Plains,10605,New York-Newark-Jersey City,abc@abc.com,Not Using
1643695,Lingraphicare America - Princeton, 103 Carnegie Center,NJ,Princeton,8540,New York-Newark-Jersey City,skurtz@lingraphica.com,Not Using
1647536,Verse Medical,"158 W 27th St Floor 10, ",NY ,New York,10001,New York-Newark-Jersey City,a@a.com,Not Using
1641495,BRIDGEWATER HEALTH SUPPLIES,116A SOUTH STREET ,NY ,OYSTER BAY ,11771,New York-Newark-Jersey City,a@a.com,Not Using
1648998,Acutis Diagnostics,"400 Karin Ln, , ",NY ,Hicksville,11801,New York-Newark-Jersey City,a@a.com,Not Using
1623745,Cvs caremark,-,NY,-,10016,New York-Newark-Jersey City,abc@abc.com,Not Using
1646670,National Care Orthotics,8808 Gudson Pkwy ,NY ,Bronx ,10471,New York-Newark-Jersey City,a@a.com,Not Using
1644319,Hoveround Corporation,"6015 31st Street East, Suite 201 ",FL  ,Bradenton,34203,North Port-Sarasota-Bradenton,info@hoveround.com,Not Using
1636509,180 Medical Inc.,"8516 Northwest Expy,  ",OK ,Oklahoma City,73162,Oklahoma City,a@a.com,Not Using
1619214,Lifeline Home Health,Po Box 1348 ,ok,chickasha ,75023,Oklahoma City,,Not Using
1649258,Rotech Healthcare Respiratory Orlando FL,3600 Vineland Rs Suite 114 ,FL ,Orlando ,32811,Orlando-Kissimmee-Sanford,a@a.com,Not Using
1643248,Aveanna Healthcare –Media,"1400 North Providence Road, #300 , ",PA ,Media,19063,Philadelphia-Camden-Wilmington,a@a.com,Not Using
1646014,Star Medical DBA Ethos Therapy Solutions,"930 Harvest Dr., Suite 400, ",PA ,Blue Bell,19422,Philadelphia-Camden-Wilmington,a@a.com,Not Using
1620984,Fox Rehabilitation ,"7 Carnegie Plaza,  ",NJ ,Cherry Hill,8003,Philadelphia-Camden-Wilmington,.,Not Using
1649498,"AdaptHealth Plymouth Meeting,PA",220 W Germantown Pike Suite 250 ,PA ,Plymouth Meeting,19462,Philadelphia-Camden-Wilmington,a@a.com,Not Using
1648736,"Adapthealth Patient Care Solution Beaver,PA","1301 Riverside Drive ,",PA ,Beaver,15009,Pittsburgh,a@a.com,Not Using
1634336,AdaptHealth Patient Care Solutions Moon Township,540 Lindbergh Drive ,PA ,Moon Township ,15108,Pittsburgh,a@a.com,Not Using
1645017,CHC Solutions  ,162 Industry Drive,PA,Pittsburgh,15275,Pittsburgh,a@a.com,Not Using
1646682,Tobii Dynavox,"2100 Wharton Street Suite 400 , ",PA ,Pittsburgh,15203,Pittsburgh,support.na@tobiidynavox.com,Not Using
1634230,Activa Health Services dba Activa Home Health-Hobe Sound,8130 SE Federal Hwy ,FL ,Hobe Sound,33455,Port St. Lucie,a@a.com,Not Using
1631841,"Doctor's Choice Home Care, Inc.-Stuart","10 SE Central Parkway, Suite 150 ",FL,Stuart,34994,Port St. Lucie,a@a.com,Freemium
1642912,Concierge Home Care Port St. Lucie,1840 SE Port Saint Lucie Boulevard,FL,-,34952,Port St. Lucie,a@a.com,Not Using
1634270,The Roads Home Health-Jensen Beach,638 NE Jensen Beach Blvd ,FL,Jensen Beach,34957,Port St. Lucie,a@a.com,Order360 Lite
1632842,A Visiting Redi-Nurse-Port St. Lucie,155 SW Port St. Lucie Blvd.  Ste No.106 ,FL,Port Saint Lucie,34984,Port St. Lucie,a@a.com,Freemium
1632840,South Port St Lucie-Kindred at Home,525 NW Lake Whitney Place Suite 106 ,FL,Port Saint Lucie,34986,Port St. Lucie,a@a.com,Freemium
1631842,Trilogy Home Healthcare – Port St. Lucie ,291 NW PEACOCK BLVD,FL,-,34986,Port St. Lucie,a@a.com,Freemium
1631858,Aloha Home Care LLC DBA ACHH of Port St Lucie,548 University Blvd #101 ,FL,Port Saint Lucie,34986,Port St. Lucie,a@a.com,Freemium
1634053,Options Home Health Port St. Lucie,160 Northwest Central Park Plaza Suite 101,FL,Port Saint Lucie,34986,Port St. Lucie,a@a.com,Freemium
1642958,Interim Healthcare of the Treasure Coast,"6905 NW LTC Parkway, Port Saint Lucie, FL ",FL,Port Saint Lucie,34986,Port St. Lucie,a@a.com,Not Using
1623728,Nurse On Call Port St Lucie ,590 NW peacock Blvd suite 12,FL,Port St Lucie,34986,Port St. Lucie,abc@abc.com,Not Using
1620164,Visiting Nurse Association of Florida Stuart,2400 SE Monterey Road,FL,Stuart,34997,Port St. Lucie,a@a.com,Not Using
1621348,Home Care Delivered Inc.,4144 Innslake Drive ,VA ,Glen Allen ,23060,Richmond,.,Not Using
1622760,Aseracare Hospice Richmond IN,4427 Garwood Place ,IN ,Richmond ,47374,Richmond,.,Not Using
1623786,REID ANC HOME CARE SERVICES LLC,4180 SOUTH A STREET  ,-,-,47374,Richmond Micropolitan Statistical Area,abc@abc.com,Not Using
1624453,Byram Healthcare-Salt Lake City ,645 East 4500 South Ste 200 ,UT ,Salt Lake City ,84107,Salt Lake City,abc@abc.com,Not Using
1621569,KCI An Acelity Company,"P.O. Box 659508 , ",TX ,San Antonio,78265,San Antonio-New Braunfels,.,Not Using
1644443,Amerita Specialty Infusion Services ,"6015 Randolph Blvd,  ",TX,San Antonio,78233,San Antonio-New Braunfels,a@a.com,Not Using
1637918,Solara Medical Supplies,"2084 Otay Lakes Rd #102, ",CA ,Chula Vista,91913,San Diego–Chula Vista–Carlsbad,a@a.com,Not Using
1623832,Advanced Diabetes Supply,2544 Campbell Pl # 150,CA ,Carlsbad,92009,San Diego–Chula Vista–Carlsbad,abc@abc.com,Not Using
1623729,HCA HOME HEALTH CARE. Vero Beach,1849 25TH ST ,FL,Vero Beach,32960,Sebastian–Vero Beach,abc@abc.com,Not Using
1642494,Mederi Caretenders Vero Beach,603 17th Street ,FL ,Vero Beach ,32960,Sebastian–Vero Beach,a@a.com,Not Using
1635300,VNA Indian River County Office,"1110 35th Lane ,  ",FL,Vero Beach,32960,Sebastian–Vero Beach,a@a.com,Not Using
1644194,NHC Homecare Vero Beach,946 16th place ,FL ,Vero Beach,32960,Sebastian–Vero Beach,a@a.com,Not Using
1645565,"Amedisys Home Health Care (5552)Pulaski,TN",1127 E. College Street Suite B ,TN ,Pulaski,38478,Shelbyville Micropolitan Statistical Area,a@a.com,Not Using
1646112,BioTAB Healthcare,11701 Borman Drive Ste. 107 ,MO ,St. Louis,63146,St. Louis,a@a.com,Not Using
1630649,EmpowerMe Rehabilitation St. Louis,"300 Hunter Ave, Suite 200 ",MO ,St. Louis,63124,St. Louis,klewis@empowermewellness.com,Not Using
1636508,Express Scripts Home Delivery,4600 North Hanley Rd   ,MO,St Louis,63134,St. Louis,a@a.com,Not Using
1619246,CCS Medical-Clearwater,"14255 49th Street North, Suite 301 ",FL,Clearwater,33762,Tampa-St. Petersburg-Clearwater,.,Not Using
1646572,Healthcare HD,1281 San Christopher Drive,FL,Dunedin,34698,Tampa-St. Petersburg-Clearwater,a@a.com,Not Using
1641770,Pinnacle Home Care Inc (Pasco),"2505 Seven Springs Blvd , ",FL ,Trinity,34655,Tampa-St. Petersburg-Clearwater,gbatista@pinnaclehomecare.net,Not Using
1647439,Golden Heart Health Services Haute,3313 S. 7th Street Terre ,IN ,Haute ,47802,Terre Haute,a@a.com,Not Using
1643201,Total Medical Supply,"4310 McKnight Rd, ",TX ,Texarkana,75503,Texarkana,a@a.com,Not Using
1645590,Amedisys Home Health Care (0519)Winchester,"107 North Porter St, Suite 3",TN ,Winchester,37398,Tullahoma-Manchester Micropolitan Statistical Area,a@a.com,Not Using
1645703,"Enhabit Home Health Winchester, TN",2068 Cowan Highway,TN ,Winchester,37398,Tullahoma-Manchester Micropolitan Statistical Area,a@a.com,Not Using
1645982,Independent Home Medical Equipment Tullahoma,"1905 N Jackson St Ste 280,",TN ,Tullahoma,37388,Tullahoma-Manchester Micropolitan Statistical Area,a@a.com,Not Using
1646681,"Adoration Home Health – Manchester, Tennessee","220 E Main Street , ",Tennessee ,Manchester,37355,Tullahoma–Manchester,a@a.com,Not Using
1646206,SunCrest Home Health Manchester,121 North Irwin Street,TN,Manchester ,37355,Tullahoma–Manchester,a@a.com,Not Using
1620020,Clay County Home Health Care Henrietta,310 West South Street  ,TX,Henrietta,76365,Wichita Falls,a@a.com,Order360 Lite